"Empirical","Theoretical","Modelling","Methodological","Title","Author","Abstract","Year"
"0","1","0","0","Transport and spatial organization of cities: synthesis of theories and models","Michael Wegener","The spatial organization of contemporary cities is of bewildering complexity. Urban growth and decline, concentration and dispersal, polarization and equalization, prosperity and deprivation coexist in an intricate spatio-temporal web of partly interdependent and partly autonomous processes. In this paper an overview of classical and contemporary approaches to modeling the interface between spatial interaction and location in urban regions is given. Four paradigms are distinguished: technological, economic, social and political. In a second part of the paper an attempt to integrate components of the four paradigms in an unified theoretical framework and quantitative mode! of the transport and spatial organization in urban regions is presented.","1993"
"0","1","0","0","The use of satellite imagery in geography: contributions and limitations","Hassan Ouerdani","Remote sensing represents an evolution in methods of spatial analysis, planning, and management. The digital nature of its data, its extensive spatial coverage, and its ease of acquisition are advantages that attract the attention of various users seeking spatial information and integrating it into their work methods. However, its use in geography, in its current state, remains very limited due to a lack of the necessary material and technical resources for its development.","1993"
"1","0","0","0","Remote sensing as an aid to landscape diagnosis in West Africa","Magatte Ba","In Western Senegal, where rural populations are densely populated, numerous studies highlight the degradation of the biophysical environment. The need for an &quot;integrated&quot; or &quot;comprehensive&quot; approach makes landscape the primary focus of study. Remote sensing offers geographers new resources: with its high spatial resolution (30m x 30m) and spectral characteristics (particularly in the near-infrared), the Thematic Mapper image provided by the Landsat-5 satellite allows for a suitable assessment of landscapes. The homogeneous colors resulting from multiband analyses carried out in two test areas (color composites and supervised classifications), which can be identified on the ground, provide information on rural areas that are more or less vulnerable and give an idea of the available land and vegetation resources.","1993"
"1","0","0","0","Mapping invisibility: the development of a RIA site","Laurence Ledu","Landscape laws, landscape charters, landscape plans... the landscape has long since transcended the realm of the painting to become a consumer good, a heritage to be managed, a legislative theme, a planning criterion, and an advertising image. The demands placed upon landscape call for specific reflection and methodologies. Before any potential assessment, it is essential to describe, understand, and comprehend these landscapes: the use of remote sensing provides a synthetic view, while the overlaying of satellite images onto Digital Terrain Models reintroduces the effect of relief. On this topic, the analysis and mapping of intervisibility is crucial: which spaces are visible and which are hidden, and in what proportions? How do they evolve in response to development projects and the observer&#39;s movements? The project developed from the landscaping of the Château de la Roche Jagu Park (Côtes d&#39;Armor) illustrates the possibilities offered by these techniques and the complexity of such a system.","1993"
"0","0","0","1","The IRISOS process","Charles Schneider","Introducing a new graphic method for spatial description. The IRISOS process results in the graphic reconstruction of the spectral components of a surface. It can be considered as a correspondence between two interference systems: color, which is equivalent to light interference, and the surface, considered as a result of the interference of spatial waves. The spectral redefinition of color leads to a change in the way the surface is perceived.","1993"
"0","0","1","0","SADIC: Decision Support System in Cartographic Computing","Dominique Laffly, Pascal Gillon","SADIC is software that manages and filters information on large thematic databases. It intervenes upstream in the information processing, thus enabling the rapid validation or refutation of working hypotheses. Its principle is based on ease of use in terms of choosing units and levels of spatial aggregation, the data to be represented, and the methods of statistical analysis, thanks to a user-friendly graphical interface and the rapid formatting of cartographic results. SADIC is developed to be easily adaptable and scalable, particularly to integrate the temporal dimension and to be portable to other information sources.","1993"
"0","1","0","0","For a model of spatial differentiation","Jean-Pierre Chéry","The concept of differentiated space is one of the cornerstones of geographical discourse. Spatial differentiation appears as a complex process whose formalization is not yet satisfactory. A systemic approach seems to be a relevant framework for modeling this process. A model simulating this process is discussed within the context of the territorial functioning of a differentiated space. The modeling approach, starting from concepts describing the object to be modeled—here, a cross-border space—encounters difficulties in formalization. Forresterian modeling, through systems dynamics, is an approach that has made it possible to develop models of homogeneous spaces. The possibilities of using this method for spatial differentiation are presented.","1993"
"0","0","1","0","Models for decision support: the case of the housing market in a border region (Morteau, Doubs)","Alexandre Moine","This article serves as a preamble to the development of a model for the functioning of a housing market considered within a local context and subject to the specific influence of a border. The housing market is known to be particularly complex. It can be considered a system composed of interacting heterogeneous elements. The proposed approach, based on systems dynamics, allows us to take into account both the temporal and spatial dimensions of the phenomenon. However, we observe that using the simulation results provided by the model is difficult. To become a decision-support tool, the model must be complemented by a knowledge-based system, used as an interactive decision support system.","1993"
"0","1","0","0","Local development, employment and planning impacts: elements for an interactive decision support system","Jean-Marie Chekhab","Local development is undeniably part of the current conceptual framework, with its emphasis on prioritizing employment. However, faced with the need to manage the main economic developments within their territories, decision-makers increasingly feel the need to rationalize their decision-making. This necessitates the creation of a tool to inform and assist them in their endeavors. We propose to present the elements necessary for creating an interactive decision-support system for localized employment management and the impacts of development projects. This system will be developed using systems dynamics and interfaced with a knowledge-based system to explain the model&#39;s results.","1993"
"0","0","1","0","Modeling dynamic traffic flow in networks","Martin Hilliges","In this paper a simulation model for time dependent traffic flow in networks with multiple sources and sinks is presented. The main goals are the real-time simulation of large highway networks and the development of a planning tool for traffic networks. First, the assumptions beyond the model are presented. Second, I describe the adaptation of the mode! to numerical simulations and the constructions of networks. The next sections contain a short note on decision processes and our approach to this field. Then an extension of the model to a larger framework, and possible fields of application are proposed. In the Iast section a simulation of the traffic flow in a network is shown.","1993"
"0","0","1","0","Simulation of regional dynamic processes in the economy","Kai Brandt","Economical interactions between countries or regions of countries become more and more important for the economy of nations, the EC and the whole world. Nevertheless, there are only few attempts to model these processes, because most of the classical economic models are too unhandy or too stiff to be extended on regional effects. My approach to this problem is bases upon the dynamic choice theories developed by G. Haag and W. Weidlich from the University of Stuttgart. It describes the behavior of demand, supply and prices due to the choice behavior of consumers and producers. It is built up modular, so that it can easily be fit to the requirements of single branches or products. Thus it cannot be applied to political economics as a whole but it can teach us some astonishing effects in parts of them.","1993"
"0","0","1","0","Analytical method for modeling slope deposits in high mountain areas","Pierre Pech","Slope deposits (scree and other boulders) cover significant areas in high mountain regions, particularly in the Dévoluy massif. Analysis of morphometric, sedimentological, biogeographic, and spatial parameters allows us to propose quantified models for defining slope deposits. These models are compared to the morphodynamic processes observed in the slope deposits. Fluctuations in the values of the slope deposit models correspond to variations in morphogenic dynamics.","1993"
"0","1","0","0","The use of the analysis of variance model in geographical research","Cécile Helle","Within the framework of the analysis of the building plot market in the Vaucluse region, we propose to test the potential contributions (particularly compared to the methods classically used in this type of study: multivariate linear regression model, etc.) of analysis of variance. Two research areas are prioritized: - the variance model as an explanatory tool for the spatial differentiation of building plot prices (thanks, among other things, to a better consideration of spatial discontinuities), - the variance model as a verification tool, following an inductive approach to data processing that led to the projection of a spatial organization model onto a structure observed in reality.","1993"
"1","0","0","1","New time-space maps of Europe","Klaus Speikermann","Increasing mobility is one of the constituting characteristics of modemity. Toda y, Europe is facing a new thrust of acceleration: the planned European high-speed rail network will open up new dimensions on travel speed and so of the relation of space and time. The topic of the paper is the visualization of the new relationship of space and time by a new type of maps. These time-space maps do not display distances but time distances between cities and countries. For this purpose a method for creating time-space maps has been developed, which improves current methods and avoids their pitfalls. To demonstrate the developed method, time-space maps for Europe, France and German are presented there.","1993"
"1","0","1","0","Image analysis and boundary effect: spatio-temporal analysis of settlement patterns in the Pyrenean regions","Sandra Perez","This contribution presents the approach used to detect the impact of the Pyrenean border on recent population trends in the municipalities of Pyrénées-Orientales and Girona. Statistical analyses are performed using measurements obtained through image analysis, resulting in spatial modeling.","1993"
"1","0","0","0","Characterizing the evolution of a network of facility usage through fractal analysis","Jean-Luc Bonnefoy","Municipal inventories (1979 and 1988) allow for the construction of graphs showing the frequency of visits to shops and services. These graphs, created within a geographic information system, overlay two types of inter-municipal relationships: nested hierarchies with increasingly populated municipalities and increasingly scarce shops and services, and a network of cooperation or complementarity between smaller municipalities. The fractal dimension quantifies the internal hierarchical structures and, in this case, allows for the quantification of trends in the network of facility visits.","1993"
"1","0","0","1","Methodological problems posed by an expert-system approach in geography","Nathalie Dubus","Expert systems are designed to replicate the reasoning of an expert in a particular field. Their use as a decision-support tool can be considered in geography. The process for developing an expert system consists of several stages: identification, learning, modeling, knowledge formalization and computerization, followed by validation and enrichment of the model. Strong interactions exist between knowledge modeling and the tool used. While this tool offers certain advantages, it also raises fundamental and formal problems in the representation and processing of knowledge. This is highlighted by the development of an expert system for decision support in water planning in the Sahel region.","1993"
"0","1","0","0","Knowledge bases and methods: coupled systems","Franck Guarniéry, Jean-Luc Wybo","Regardless of the application domain, many problems require technical solutions that combine methods from artificial intelligence and traditional computer science. This contribution aims to present the concept of a Problem-Solving Environment. This concept is closely linked to that of numerical-symbol coupling in modeling, as well as to the integration of knowledge from experts in a particular domain and/or from experts in different domains.","1993"
"0","0","1","0","SIMPOP, a multi-agent model for the evolution of population systems","France Guérin-Pace, Hélène Mathian, Denise Pumain, Lena Sanders, Stéphane Bura","Multi-agent systems, a branch of distributed artificial intelligence, offer great flexibility for modeling the dynamics of complex systems. Traditional methods used to reproduce dynamics employ formalization through a system of differential equations. Modeling by multi-agent systems relies on a set of rules, combining qualitative knowledge and quantitative information, which allows for the simultaneous manipulation of different and nested geographical scales: the level of individuals (microscopic level), cities (meso), and the macroscopic level of a territory. Mechanisms already known to govern growth processes and spatial interactions, such as the effects of competition, the deterrent effect of distance, or the contraction of space-time, are incorporated into the system&#39;s operating rules. The objective of the model presented here is to reproduce, over a very long period (approximately two thousand years), the transition from a relatively homogeneous settlement system with an agricultural economy to a hierarchical urban organization. Different hypotheses are tested using simulations and this tool thus makes it possible to evaluate the respective roles of the parameters that characterize the &quot;components&quot; of cities as well as the effect of the different rules that govern the evolution of the whole system.","1993"
"1","0","0","1","The issue of evolving agricultural land use: towards a hybrid system coupled with an object information system","Didier Josselin, Bruno Orsier","Hybrid systems that leverage the strengths of neural networks and classical artificial intelligence are currently enjoying great success in computer science. Our research, the result of a multidisciplinary collaboration, aims to combine a GIS with such a hybrid system to address the following problem: modeling the phenomenon of agricultural land abandonment. Our presentation will include: - the critical results of preliminary studies conducted using more traditional techniques (data analysis, symbolic learning, machine learning, etc.), - our motivations and hopes regarding the use of neural networks as an intermediary between Geographic Information Systems, statistical tools, and classical artificial intelligence (current limitations of these tools).","1993"
"0","0","1","0","Accessibility network: computer modeling and decision support in planning","Alain Touret, Pierre Dumolard","Raster GIS is particularly well-suited to spatial analysis, modeling, and simulation. Therefore, it is beneficial to integrate functions useful for this purpose. Among those that are possible, measuring accessibility within a given space seems fundamental. To build the corresponding module, we used a multi-agent (connectionist) approach and programmed in the object-oriented language C++, which allows for integration with the GRASS GIS, itself written in C.","1993"
"1","0","0","0","French employment zones differentiated by employment, training and qualifications","Patrice Card, Dominique Laffly","Since the decentralization of state responsibilities for training policies to regional councils, an increasing number of studies have been conducted at the employment zone level. These zones were defined based on studies of commuting patterns and correspond fairly well to the employment catchment areas of French cities. The statistical analysis of various static and dynamic indicators, developed in 1990 by INSEE (the French National Institute of Statistics and Economic Studies) for the 348 defined employment zones, allows for the creation of a typology of these catchment areas, and therefore of French cities. Factor analyses and hierarchical clustering of 18 variables related to employment, education level, training system, and qualifications identified within the zones reveal significant differences between French employment zones. Three distinct Frances emerge, characterized by a dual tension: - industrial France in the East and North contrasts with the high-sector France of major cities, - rural France contrasts with urban France. This quantitative approach to the phenomenon of territorial differentiation through employment and training attempts to shed new light on the role of these factors in the organization of French space.","1995"
"1","0","0","1","Motorway observatories: methodology, indicators. Example of the Observatory of the economic effects of the A39 (Dole-Bourg-en-Bresse)","Marie-Agnès Lanneaux","Due to the scale of the work required for their construction and, above all, the sums of money involved, highways have always raised questions among decision-makers. In the 1960s in the United States and from the 1970s onward in France, numerous studies sought to measure the effects of a highway on the territory it crosses. The establishment of observatories arose from these questions. This article aims to present the methodological elements developed by the Observatory to measure the economic effects of the A39 motorway on the organization and management of space between Dole and Bourg-en-Bresse.","1995"
"0","0","0","1","Diversity in farm operations and spatial organization: towards diagnostic methods using spatial indicators","Isabelle Duvernoy, Françoise Axes","The evolution of agriculture is accompanied by transformations of the space under its influence. Using two examples—one on the dynamics of agricultural colonization in an Argentinian province, the other on vineyards in the Béziers region of France—the spatial organization of farms was considered an indicator of their functioning. By employing new tools for obtaining and interpreting geographic information (remote sensing, GIS), methods are proposed to generalize diagnoses and obtain a representation of the local diversity of agricultural activity at a regional scale. This &quot;spatial generalization&quot; requires spatial modeling of the types of agriculture to be differentiated and reflection on the link between levels of agricultural activity organization and their corresponding spatial units. It presents varying degrees of complexity depending on whether the key organizational level, that of the farm, corresponds to a continuous, easily delimited space or to a discontinuous spatial unit.","1995"
"1","0","0","0","Spatial approach to the risk of diffuse pollution in intensive agricultural areas: Application to a tributary of the Elorn (Western Brittany)","Monique Launay, Laurence Hubert-moy","The study begins with the observation of the degradation of the marine ecosystem in the Brest harbor: the diffuse pollution of agricultural origin in the Elorn River and its tributaries is the focus of the analysis. Nitrate pollution involves factors related to both the environment and agricultural practices. These factors must therefore be considered together to understand their spatial and temporal interactions. The use of a GIS (Arclnfo) enabled the zoning of the watershed based on environmental factors (soils, slopes, etc.) and the definition of risk zones according to agricultural practices. The results obtained allow for the determination of a risk index at the plot level, which is then compared to the risk index obtained using a nitrate leaching model. The problem of extrapolating the method to a larger geographical area is considered, in particular using satellite data: the evaluation of the loss of precision linked to the input parameters available at this new scale is analyzed.","1995"
"1","0","0","1","Telematics in the service of geographic information","Serge Leverbe","The &quot;Atlas of French Cities&quot; online service provides information on the 231 urban areas (agglomerations) in metropolitan France with a population exceeding 20,000 inhabitants according to the 1990 General Population Census. This project responds to an analysis of the demand for localized geographic information, often expressed in terms of complementarity and comparability. To meet the first requirement, we present the information in the form of maps, data tables, and written commentary. The approach adopted for the second is oriented along two axes: an analysis of similar cities (those in France that exhibit the same characteristics for a given variable) and an analysis of neighboring cities (all the agglomerations in the same region, regardless of their values for the chosen variable).","1995"
"1","0","0","1","Analyzing distance in the spatial differentiation of land values: introducing the concepts of spatial covariation and regression","Cécile Helle","The fundamental hypothesis of all research on land value formation in urban areas posits that land prices are dependent on distance from the city center. The existence of such a relationship is confirmed in the peri-urban area of Avignon, but the search for secondary explanatory variables raises a number of problems. The set of regressors for the price per square meter (average transaction size, role of real estate professionals in the market, territorial congestion index, etc.) is, in fact, linked to varying degrees of intensity to distance. This identical spatial structure (area gradient) between the dependent variable and the explanatory variables complicates interpretation: the nature of the various covariations is not explicit, and the correlations between the regressors are numerous.","1995"
"1","0","0","1","Variographic analysis of satellite data to determine the size of sampling units. Example of a land cover inventory in agricultural and forestry areas","P. Fournier, H. Geroyannis, V. Godard","When conducting a land-use inventory and combining the contributions of remote sensing and spatial sampling, the issue of sampling unit size must be addressed. In agricultural areas, this sampling unit is usually based on the average farm size. However, in forested or sparsely populated areas, no similar information exists to calibrate the sampling unit to any particular landscape structure. Variographic analysis of digital satellite data provides a solution to this problem. Because this data is spatially autocorrelated, it is possible to determine the size of landscape features and, therefore, the minimum distance a sampling unit must have to encompass a large number of landscapes. The study focused on two agricultural and two forested areas in the southern Paris Basin. The results indicate that the distances, read from the variograms, suitable for calibrating the sampling units range from 140 to 260 m for forest areas and from 400 to 450 m for agricultural areas. These distances logically differ from one landscape to another and, for comparison, they indicate that the size of the sampling units (720 m), used in 1986 by the Central Service for Surveys and Statistical Studies of the Ministry of Agriculture during an agricultural inventory, is, in this region, oversized relative to the diversity of the landscapes.","1995"
"1","0","0","0","Highlighting local discontinuities through principal component analysis of oriented dissimilarities: application to the space of secondary schools in the Paris metropolitan area","Jean-Christophe François","This work focuses on analyzing the geographical distribution of local discontinuities within the socio-educational space of the Paris metropolitan area. It examines discontinuities attributable to students&#39; national origins and differences in academic underachievement. Naturally, it seeks to determine whether a certain logic governs the structuring of these geographical discontinuities. The aim is to highlight discontinuities combining several convergent elements. These discontinuities, which are termed structural, are generally more stable, more readily apparent to residents, and less sensitive to individual behavior than other types of discontinuities. The tool proposed for measuring them is a principal component analysis performed not on the attributes of places, but on a series of &quot;oriented dissimilarity&quot; indices describing each of the contact segments between two contiguous spatial units. The objective of the analysis is twofold. The aim is twofold: firstly, to identify, among all the boundaries between contiguous recruitment areas, those that can be classified as structural discontinuities, and secondly, to assess the contribution of different indicators to the formation of these structural discontinuities. The use of this tool required the development of a suitable cartographic representation.","1995"
"0","0","0","1","GIS and exploratory analysis: towards new practices in geography","Jean-Marc Orhan","The current market for Geographic Information System (GIS) software is vast: over a hundred programs exist, and users routinely work with databases of 300,000 objects. Future needs will lie in the area of data visualization and analysis. The integration of a statistical analysis module into the MacMap GIS, and in particular the creation of a user interface, necessitates the development of new analytical approaches that leverage the capabilities of GIS. The goal is to use cartographic methods to represent results and facilitate their interpretation. The hope is to encourage users to employ statistical tools, but above all, to utilize the spatial management capabilities of GIS to create new spaces based on the analysis results. The objective, therefore, is to develop tools that generate new coordinate systems. From a frequency histogram to a factorial plane or a scatter plot, we are always dealing with one of these recreated spaces. Their cartographic visualization and interaction should offer geographers powerful analytical tools.","1995"
"1","0","0","0","Tourism stakeholders and decision-making spaces in Auxois","Valérie Delignières","Understanding, evaluating, and analyzing the actions undertaken or proposed by tourism stakeholders in a given rural area: this could summarize the main objectives of this presentation. Based on analyses derived from theoretical foundations and their application to a specific area, the aim is to highlight the strengths and weaknesses of the system, with particular emphasis on the phenomena of nested scales. Indeed, when these phenomena are considered within the overall framework, they allow for an immediate understanding of both the complexity and the major dysfunctions of tourism development processes specific to rural areas.","1995"
"1","0","1","0","Modeling housing demand in border areas: an analysis applied to the local market of Morteau (Doubs)","Alexandre Moine","It is now widely accepted that local housing markets are complex systems, the analysis of which requires the development of specific methods. The system dynamics method appears particularly well-suited. Here, it is applied to the overall functioning of a local market located in France, in the Franco-Swiss border region. The approach is based on an analysis of the segmentation of the housing stock according to its characteristics and those of its occupants, and on household mobility between these dwellings. Mobility is considered to be influenced by the local employment situation and the specific socio-economic context linked to the border, by household life cycles, their residential strategies, and housing availability. The use of system dynamics allows for the creation of a model representing the evolution of housing demand in relation to household mobility between the different segments. As a decision-making tool, the flexibility of the constructed model allows for the obtaining of very interesting results.","1995"
"1","0","0","0","Structuring of regular container ship shipping lines","Olivier Joly","Current work focuses on structuring regular shipping line (container) networks to describe container flows and their continuity over time and maritime space. &quot;Establishing a coherent set of measurements for shipping (container) networks,&quot; which can be linked to existing measurements for land transport networks (rail, road), was one of the goals set to begin my work on the location of logistics platforms in Northwest Europe. The methodology proposes the construction of measurement indicators specific to container shipping line networks.","1995"
"0","0","1","0","A geographical model for analyzing the problems of implementing a large transport infrastructure","Jean Ollivro","Increasingly, conflicts arise during infrastructure development projects, pitting decision-makers and operators against local residents. Resolving these conflicts is an extremely daunting task. This paper aims to contribute to resolving these clashes using a thesis on the Mediterranean TGV project and observations made on the Brittany-Pays de la Loire TGV project. Various solutions are discussed, ranging from moderate to radical, depending on whether or not one accepts the current decision-making process in its entirety. These solutions lead to the presentation of a simple geographical model that facilitates a better understanding of the development process.","1995"
"0","0","0","1","Knowledge transfer for the implementation of an expert system","Nathalie Dubus","Developing an expert system means transferring knowledge from humans to machines. Transcribing particularly complex expert reasoning requires phases of knowledge extraction, modeling, and formalization. Each of these steps will require specific working methods. The knowledge acquisition task is certainly the most complex, the least formal, but also the most interesting in the development of an expert system. Its importance is growing because it determines the quality and relevance of the tool developed and its effectiveness in supporting decision-making in the fields of environment and land-use planning.","1995"
"0","0","1","0","AGRIPA: Calculation of access cost by constrained diffusion on a differentiated space using a multi-agent system","Alain Touret","This article presents a raster spatial operator for calculating the cost of access to a road network, which we developed at the Alpine Mountain Laboratory (LAMA) in Grenoble. We use a multi-agent system to realistically simulate individual traffic patterns. Several diffusion sources can be considered in competition.","1995"
"0","0","0","1","Presentation of a &quot;fuzzy&quot; expert system for the implementation of a local development policy","Sophie de Ruffray","The objective is to present the implementation of an expert system as a decision-support tool, emphasizing the spatial and temporal foundations of local development upon which the expert system is based, the advantages and limitations of an expert system approach for decision support in spatial management, and the dual specificity of such a tool, which takes into account both the constraints related to space in general and the problems generated at the micro-scale. To address all these constraints, it is necessary to define and clarify the concept of geographic space, to rigorously formalize the qualitative and quantitative knowledge related to this micro-space using fuzzy logic, and to present evaluation models to aid in the diagnosis of a local development action.","1995"
"0","0","0","1","Proposal for a decision support system in an ambiguous environment","Philippe Quarrey, Caroline Berry, Nand Aggarwal","In the social sector, and more specifically in career guidance, decision-making often occurs in contexts where information is imprecise and uncertain. Under such conditions, methods for representing and manipulating imperfectly described knowledge must be employed to reflect the flexibility of human reasoning. Decision support techniques are thus adapted for application in uncertain and ambiguous environments. This study was conducted for the Association for Adult Vocational Training (AFPA).","1995"
"0","1","0","0","The making of the landscape: from quantitative to qualitative","Jacques Monnier-Raball","The concept of landscape is both a representational image and the result of the behavior of social actors within a territory. Landscape is perceived, paradoxically, as both a natural given and a site for development—that is, as a portion of territory to be preserved and as a portion of territory to be transformed. Computer-generated imagery allows for the production of landscape models, the qualitative visualization of which depends on a purely quantitative approach based on digital data. IDERALPE is developing an interactive computer-based decision-support tool, emphasizing the realism of the representation, particularly textures. While the use of such a tool has not yet become widespread, there is every reason to believe that it will soon constitute the essential interface between the various stakeholders—local authorities, developers, decision-makers—and the users of the space.","1997"
"0","1","0","0","The geography of writing on screen: new media, new approaches","Madeleine Griselin, Serge Ormaux","New information technologies (NICs) are permeating society and thus impacting geography, a social science. Furthermore, the emergence of geography on the internet and CD-ROMs is changing how everyone accesses this field of knowledge. For researchers, this undoubtedly encourages them to conduct their work and disseminate their findings differently. For the general public, specialists in other disciplines, and policymakers, it is certainly an opportunity to change their perspective on geography. We sought to gain a clearer understanding, to characterize (and quantify) the offerings available on online and offline services. What content and image of geography are being conveyed? Is geographical research present? How could it be more so? This presentation aims to frame the immense opportunities offered to our discipline by new media. We will draw on investigations we have conducted using these various media, which represent only the beginning of a more in-depth research project.","1997"
"0","0","0","1","Identification of relevant spatial entities for measuring the impact of agricultural activity on the territory","Didier Josselin, Catherine Laurent","The idea stemmed from the significant bias affecting the data from the General Agricultural Census. Indeed, the utilized agricultural area of farms is recorded by farm headquarters, and not according to the actual location of the plots. However, it is common knowledge that farmers often use plots outside their municipality. The aim of this work is to provide a new territorial division by aggregating municipalities. The new spatial entities defined must minimize the effects of inter-municipal control.","1997"
"1","0","0","0","A corpus of georeferenced data for the management of the physical component of river hydrosystems: the example of the Drôme","Norbert Landon, Hervé Piegay","Environmental geographers today provide answers to managers, particularly in the context of river systems. Our team has thus carried out the geomorphological and biogeographical study for the Water Management and Development Plan (SAGE), a pilot project in the Rhône basin, and the Drôme basin. The entire approach is based on the creation of a georeferenced database, the basic unit being a 500-meter section. The variables collected on more than 200 sections come from multiple sources (vertical or oblique aerial photographs, longitudinal profiles). This system has made it possible to: - construct analytical and synthetic maps, that is to say, maps combining several variables (channel incision and potential recharge, diversity of the vegetation mosaic and areas to be conserved or restored as a priority, etc.); - to solve basic research problems by establishing statistical links between variables (abundance of wood jams and bed geometry; importance of bed depth and local recharge; fish and habitat potential).","1997"
"1","0","0","0","Towards a quantitative analysis of riparian microlandscapes: presentation of initial results","Mélanie Cossin, Hervé Piegay","For about ten years, river managers have been moving towards a so-called holistic management approach, which involves a multidisciplinary perspective. Landscape is considered an important element to manage. However, these managers are not very receptive to the subjective approaches proposed by many consulting firms. A methodological reflection based on a quantitative approach to landscape analysis was therefore initiated to provide managers with an initial framework. Two points will be presented: - the main areas to explore within the framework of an eco-landscape analysis, - the approach implemented at the scale of riparian micro-landscapes. The analysis of the areas occupied by the units of a photographed landscape, carried out using principal component analysis (PCA), makes it possible to identify the micro-landscapes characterizing the river studied (the Rhins in the Beaujolais region).","1997"
"0","1","0","0","Nested scales and remote sensing: the ambiguity of the pixel","Christine Allain, Marie Clairay","Landscape analysis cannot currently be conducted without clearly mentioning scales, which deserve to be the subject of dedicated research. In the literature, when a particular scale is referred to, it implicitly refers to the area being studied. Geographers readily manipulate scales and increasingly incorporate the transition from one to another, which many authors describe as nested scales. In remote sensing, landscape studies utilize various Earth observation satellites. Each satellite has specific characteristics that determine its spatial and spectral resolution. The resulting images consist of a mosaic of pixels whose content is closely linked to the EIFOV (Effective Instantaneous Field of View). These inter-sensor differences raise questions for geographers regarding the validity of successive nested spaces, as well as the validity of the boundaries of the identified landscape units.","1997"
"0","0","1","0","Spatial externalities and location models: simulation on a theoretical network","Marie-Alexandre Laurent","This research concerns the introduction of negative spatial externalities into location-allocation models. The location model chosen and extended to incorporate the notion of spatial externality is the p-median model. Different sets of theoretical simulations are performed to test the sensitivity of the solutions proposed by the models to the introduction of spatial externalities. Two point clouds were chosen (rectangular and hexagonal), the network is regular, the demand is homogeneous, and various simple dispersion functions of the externalities are considered. The costs due to negative externalities decrease with distance from the source and are added to the transportation cost.","1997"
"1","0","0","0","Space management by logistics organizations in the mass retail sector","Estelle Morcello","For the past fifteen years or so, major food retailers have been implementing sophisticated logistics organizations aimed at optimizing the supply of their stores. The central components of these systems are warehouses or distribution centers. The location of these hubs is therefore crucial for understanding the structure of agri-food supply chains (volume, frequency, routes, etc.) across France. The goal of this research is to identify the criteria, both spatial and non-spatial, that determine the form and operation of a logistics organization; this involves finding common rules for applying these criteria and determining the importance of each rule for each of the ten or so retail groups studied.","1997"
"1","0","0","0","Maps to reveal mobility on both sides of the middle Rhône since 1975","Stéphane Leroy","Even today, the myth of the Rhône as a &quot;border river&quot; continues to haunt the minds of those living along its banks and to influence the decisions of economic and political actors. Based on an analysis of the evolution of trans-Rhône mobility for employment between Valence and Avignon since 1975, this contribution seeks to demonstrate that this idea has run its course and that, while the historical asymmetry between its two banks persists, the Rhône is becoming increasingly permeable and therefore less and less of a structuring force. It is the simplest yet most fundamental tool of geography that allows us to highlight the inevitable &quot;disappearance&quot; of the Rhône: the map (which can be complemented by a graphic model).","1997"
"1","0","0","0","Frequency-domain images for urban density analysis","Charles Schneider","The proposed contribution is an application of the IRISOS geographic image processing method that I presented at the first Théo Quant Meetings. Starting with a surface of known urban densities, we reconstruct, using a wave-like reference frame, the structure of densification movements, their nesting, and their superposition. We move from the form itself to an image of the processes that account for that form.","1997"
"1","0","0","0","Image analysis applied to the study of the spatial diffusion of an innovation: the case of the Itinéris network","Céline Tritz","France Télécom, until then the leader in the French telecommunications market, has developed its own mobile telecommunications network, ltinéris, over the past three years. This network is the result of a recent innovation, based on a new digital transmission standard, GSM (Global System for Mobile Telecommunications). The French operator is deploying its network in two ways: technically, by equipping the country, and commercially, with attractive advertising campaigns. Most studies examining network diffusion focus on potential adopters, their distribution, and the spread of the phenomenon. In our study, we use the coverage maps regularly published in the ltinéris booklets to analyze the network&#39;s expansion processes. The detection of diffusion patterns and the rules governing equipment deployment was carried out using image analysis and mathematical morphology. The method presented allows for the coupling of different layers of information, but above all, for measurements to be performed using image transformations. Although still in its early stages, it can be applied to all types of spatial data and can be used to describe shapes qualitatively and quantitatively, to determine diffusion rules and, in the context of a prospective study, to quantify the parameters of a probabilistic diffusion model.","1997"
"1","0","0","1","Relief representation of the transport networks of the Atlantic Arc: distortions of space-time into &quot;valleys&quot; and &quot;mountains&quot;","Alain L'Hostis","The starting point for this work is the construction of a three-dimensional graph of the multimodal transport network. This structure is used to generate a space-time representation based on the average speeds of the transport modes. The speed differential creates space-time valleys that reveal &quot;true proximities&quot; and expose &quot;false ones,&quot; to use Jacky Perreur&#39;s words. There are two construction methods: placing less efficient connections above or below the city plane. The comparison of these two methods is the subject of this paper.","1997"
"1","0","1","0","Modeling the relationships between agricultural activity and the territory: an attempt to predict the use of agricultural plots in twelve municipalities of Haute-Marne","Pascal Thinon, Etienne Landais, Pascal Pierret, Christophe Perrot","This paper presents a model for predicting the use of agricultural plots based on certain physical (slope, soil type, etc.) and geometric (size, shape) characteristics, their distance from the farm headquarters, and their classification as a specific type of farm. This model is part of the broader &quot;MAP&quot; (Modeling, Agriculture and Landscape) research program, currently underway at the SAD (Agricultural Systems and Development) unit of INRA Versailles. Some methodological choices are still being validated, and the results obtained are preliminary. The first part of this paper outlines the &quot;MAP&quot; program. The second part presents the agricultural land use prediction model developed for approximately 1,100 plots sampled in 12 municipalities in the Haute-Marne department.","1997"
"1","0","0","0","Land use and socio-economic structure: a study of the social dimension of the landscape","Jean-Christophe Foltête","Land cover, which represents the spatial interaction between natural and human systems, embodies a part of landscape production. Our study aims to highlight the relationships between municipal land cover composition and the underlying socio-economic structure in the Doubs department. A municipal land cover typology is constructed from the Corine Land Cover database using multiple correspondence analysis and classification. A statistical model is then fitted to predict the type of landscape present in a municipality based on its socio-economic characteristics. The technique used is discriminant factor analysis, with a more exploratory than decision-making focus.","1997"
"0","0","0","1","Spatial consequences of the &quot;extended suburbanization&quot; process: tools and methodologies for measuring them","Xavier Duyck","The process of &quot;extended suburbanization&quot; can be held responsible, by its very unfolding, for a series of consequences on the spatial and/or temporal distribution of the primary residences of &quot;urban&quot; populations on the outskirts of cities. A priori, different spatial distributions, referred to as &quot;rurban,&quot; can be deduced depending on whether this dynamic location process operates in a homogeneous and isotropic environment or whether it takes place in a heterogeneous and/or anisotropic environment; these distributions can be quantitatively assessed in their differences using various tools and methodologies. Hypotheses can thus be formulated, and their comparison with empirical spatial distributions should allow us to test the validity of the process as well as to identify the characteristics of the environment in which it occurs.","1997"
"0","0","0","1","A grid method for determining road accessibility levels in rural areas: possibilities and constraints","Sophie Passegué","A raster-based geographic information system (IDRISI) is used to measure accessibility levels at an intra-municipal scale in a highly rural area (the countryside and hinterland of the middle Rhône). The approach is decidedly spatial, since the data model used is a priori better suited to the study of surfaces than to that of networks. However, the very limited nature of the information in this type of space establishes the areal as the essential organizing principle, precluding a network-based modeling of supply and demand locations and the spaces between them. Beyond simply rasterizing the network, developing a road roughness model and disaggregating the population are ways to enrich more traditional approaches to accessibility (graph theory) to facilities and offer numerous avenues for spatial analysis, understanding organizations, and land-use planning. Furthermore, pixels are no longer just elements of space but spatial units to which different statistical treatments can be applied.","1997"
"1","0","1","0","Accessibility to major transport infrastructure: analysis and modeling","Laurent Chapelon","The NOD software, developed at the CESA laboratory, was designed to assess the spatio-temporal impacts of projects modifying transport services (infrastructure, regulations, frequencies, timetables, etc.). Within this framework, a specific module has just been developed to test the accessibility criteria established by the French law on spatial planning and development. This law stipulates that by 2015, &quot;no part of the continental metropolitan area shall be located more than 50 kilometers or 45 minutes by car from either a motorway or a dual carriageway expressway connected to the national network, or from a station served by the high-speed rail network.&quot; Our modeling principle, based on describing networks using weighted graphs, allowed us, after automatically determining nodal junctions and calculating optimal routes in terms of time and distance, to characterize each node according to: 1) the number and nature of the criteria met; 2) the surplus or deficit of accessibility relative to each criterion taken separately; 3) the functions provided by the major node closest to the nodes studied. The resulting accessibility maps show the intervention zones necessary to comply with the legal criteria, as well as any criteria defined by the model user. In this regard, a modification of the time threshold for accessibility to rapid transit infrastructure was simulated (tested with 30 and 60 minutes) to study the evolution of the intervention zones. The applications cover the entire French territory (518 nodes) and a specific focus on the Poitou-Charentes region (190 nodes).","1997"
"0","0","1","0","Is the gravity model a suitable tool for modeling telephone flows?","Pascal Gillon","The gravity model is one of the main tools used in spatial interaction to understand the movement of people or goods. Based on the respective masses of locations and the distance separating them, it allows for a fairly accurate reproduction of reality, thanks to the optimization of the exponent of the distance function and a weighting coefficient that represents the product of the two masses (simple gravity model). We therefore used this tool to model telephone traffic between French cities. However, it appears that it does not explicitly account for intervening opportunities or the threshold effect caused by pricing (continuous distance function). A new model was then created that takes into account pricing (discrete function) as well as intervening opportunities and incorporates a notion of call frequency.","1997"
"1","0","0","0","Diffusion of innovations and functioning of urban systems: a comparison between West Germany and France","Sophie Baudet-Michel","Several research studies have shown that, over the past few decades and within an increasingly prominent European context, there has been a growing trend towards metropolitanization. Furthermore, it appears that two main forms of organization can be identified within national urban networks: the Parisian-type organization, centralized and highly polarized, which fosters the development of hierarchical relationships, on the one hand; and the Rhine-type organization, a network-based structure that promotes the development of multiple cross-sectoral relationships between cities, on the other. Within this framework, the evolution of the spatial distribution of business services has been examined. Given that business services are part of a cycle of economic innovation (the information cycle) that has been spreading throughout national urban systems for several decades, and considering the strong tendency of this activity to adopt a metropolitan location, it is believed that this approach allows for the study of the dual dynamics of cities at both the national and European levels. Beyond the invariants of the diffusion of innovations, the question has been raised of the existence of a relationship between a particular form of urban system and the modalities of the diffusion of economic innovations.","1997"
"1","0","0","0","The border effect in spatial interaction models: economic exchanges in the Europe of fifteen since 1973","Didier Robert","The existence of boundaries between two spatial units generally results in a decrease in trade between these areas: this is known as the &quot;border effect.&quot; The geographical analysis of the &quot;border effect&quot; relies on the construction of &quot;spatial interaction&quot; models that highlight the structure of trade. Once the effects of distance and the economic size of the areas studied have been isolated, it is possible to determine whether or not this &quot;belonging effect&quot; exists. Furthermore, it can be directly incorporated into a &quot;geographical interaction&quot; model that simultaneously defines the constraint of distance and the border effect. Using these methods, the study of economic exchanges between the fifteen countries that now form the European Union, from 1971 to 1994, provides a measure of the economic and political integration of this group. An original trade structure is observed at the beginning of this period, in which a set of privileged relationships linking the British Isles and Northern Europe mirrored the existing European Union of six member states. We also note the originality of the evolution of the structure of exchanges, as well as the gradual and expected disappearance of the &quot;border effect&quot; that existed at the beginning of the 70s.","1997"
"0","0","1","0","Public infrastructure and location of activities","Sylvie Charlot","This paper examines the links between public spending and the spatial distribution of economic activities. The focus is on regional location models. The first part is devoted to constructing a regional equilibrium model inspired by Krugman&#39;s model, incorporating public spending. Public capital is generated through a tax levied on national output. It is distributed exogenously between two regions. It is assumed that public capital influences the productivity of local firms. The introduction of a public sector alters the equilibrium conditions. The second part focuses on short-term equilibrium conditions and the distribution of industrial activities based on the spatial allocation of public capital.","1997"
"1","0","0","1","Does the construction of a motorway stimulate the territories it crosses and influence the behavior of stakeholders?","Marie-Agnès Lanneaux","The establishment of the A39 Motorway Observatory has enabled, and will continue to enable, the measurement and understanding of the effects of a major transport infrastructure on the organization and management of the areas it crosses. The objective of this paper is to present the main findings of the study conducted over three years (1993-1996). It shows that the construction of a motorway like the A39 leads to changes in the organization and management of the territory. However, these changes vary depending on the &quot;receiving area&quot; and the local stakeholders who implement planning and development strategies. Specific locations are favored; the development of certain areas is thus inextricably linked to the will and dynamism of a few key players.","1997"
"1","0","0","0","The role of space in the history of an exceptional territory, the Luberon","Cécile Helle","A cultural and media product, a hinterland revitalized and periodically colonized by the North, the Luberon has been operating for over forty years with a growing tourist influence. Variously dubbed a &quot;summer refuge for trendy Parisians,&quot; an &quot;annex of the 16th arrondissement,&quot; or a &quot;new French Riviera without the sea,&quot; this spatial system, in its current state, bears little resemblance to the time when property could be acquired for next to nothing and when locals watched with amusement as a handful of artists moved into the old buildings they themselves had abandoned decades earlier. Over nearly half a century, a number of disruptive events, generating meaning and identity, have occurred and contributed to the desirability of this territory. Throughout this process, the Luberon, through its own unique characteristics, has asserted itself as a true agent of its own destiny.","1997"
"1","0","0","0","Territorial information and decision-making: institutional challenges and technological changes. Revision of the Urban Development Master Plan (SDAU) for the Grenoble urban region.","Grégoire Feyt","The proliferation of GIS within territorial institutions poses three major problems: - the necessary &quot;systematization&quot; and &quot;codification&quot; of the vision(s) of the territory that technicians are required to produce or manipulate; - the risk that this underlying movement tends to reinforce the &quot;Balkanization&quot; of territorial information instead of being used to enable the development of a synthetic and dynamic overview of a territory and its evolution; - the traditional gap that the introduction of new technologies reveals, at least initially, between specialists (the &quot;analysts&quot; and managers of the territory) and users (elected officials and citizens). The communication aims to present a project co-led by the Grenoble region urban planning agency, the joint association for the master plan and researchers, geographers or sociologists: to consider the development of the master plan as both a challenge and an opportunity to promote the establishment of an institutional partnership at the methodological and technical level with a view to developing a sustainable and reliable Territorial Information System at the service of consultation and territorial decision-making.","1997"
"0","0","1","1","Actor behaviors and territorial dynamics","Cécile Tannier","Our project aims to design a decision-making tool for urban planning, applicable to the location strategies of commercial businesses. It is based on modeling the interactions between stakeholders (decision-makers, groups of socio-economic agents) and their territory. Two key ideas underpin this project. The first is that space represents a specific type of actor, influencing the behavior of socio-economic agents and, in turn, being modified by them. The second is to integrate the reasoning of municipal teams (who are the decision-makers in urban planning) into the model, in order to obtain a tool that is truly usable by them.","1997"
"1","0","0","0","Implementation of a database for vehicle guidance in urban environments","Christine Matoux-Lamberts","The Paris Urban Planning Workshop&#39;s urban database possesses a significant collection of cartographic data. As a centralized and general-purpose tool, it is essential that it be redeployed towards decentralized mapping tools geared towards supporting decision-making within the territory. A &quot;wired&quot; database covering Paris and the three surrounding departments concentrates information on roads and streets. The database&#39;s content, collection and maintenance methods, as well as two applications, are discussed here: the use of data for in-vehicle navigation and geocoding.","1997"
"0","0","1","0","Landscape metrics: two specific indicators of relief for spatial planning","Kamal Serrhini","Landscape is attracting increasing interest from a wide range of stakeholders working in diverse fields. In planning and urban development, the implementation of new projects often leads to their simulation in order to understand the issues of integration and impact on the surrounding space. The aim of my research is to develop a method for quantifying landscape variations. These variations can be due to &quot;natural&quot; or anthropogenic factors. Within the framework of the &quot;Third Théo Quant Meetings,&quot; we focused on modeling and studying spatial variations in relief. We developed a model that allows us, firstly, to represent any space in three dimensions in different ways and, secondly, to simulate the dispersal of people through percolation according to certain criteria (altitude, shortest route, etc.). The objective is to provide planning professionals with a decision-making tool for landscape considerations.","1997"
"1","0","1","0","A geographical approach to noise in urban space: the example of Besançon","Hélèné Houot","Noise, a quality of life element still relatively unexplored by geographers, is nonetheless an interesting concept for them insofar as it allows them to connect territory and networks in their analysis of the city. Based on the AFNOR definition of this concept, our research question consists of investigating the links between the physical and functional structure of an urban space and the noise produced within it. From this idea stem three lines of inquiry: - development of a model of disturbance potential according to geographical and acoustic situations, combining a knowledge-based system and a geographic information system; - analysis of noise generators and acoustic fields contained within the main types of built fabric; - creation of indicators (particularly population density) aimed at weighting disturbance potential within the framework of spatial planning.","1997"
"0","1","0","0","The whole/part logic: the scientific basis of a language used by geographers","Georges Nicolas","Periodically, geographers fragment into specializations linked to scientific developments and ideological fluctuations. Consequently, this fragmentation leads to attempts at reunification. In 1978-1980, at the beginning of the current phase of fragmentation, three axioms of geography (chorological, situational, and chronological) were proposed to replace Vidal de la Blache&#39;s unifying principles. The basic mechanism of the axioms, differentiation, was accurate, but the formulation of the chorological axiom was circular. This was reformulated as two chorological definitions of the object of geography, serving as the foundation for a logic. This logic is not yet another attempt to reunify geographies but a starting point for creating a language enabling communication between them. The other two axioms, which refer to principles not specific to geography, have been abandoned.","1999"
"0","1","0","0","Spatial analysis and geographical phenomena","Jean-François Hangouët","The term &quot;spatial analysis&quot; is vague in geography, but two complementary fields of practice help to define it more precisely: on the one hand, there is exploratory spatial analysis, which, as choromatics illustrates, involves questioning certain mysterious geographical data (what meaning do they have?); on the other hand, perhaps less intentional, although cartographic generalization provides an intensive example, there is constitutive spatial analysis, or the acceptance of data in their spatial arrangement (these signs are in cartographic relation). Both analyses are fruitful because the scientist, geographer, or cartographer, far from being content with the data, immediately senses through them what they represent of the real world, naturally taking them as manifestations of geographical phenomena. Their automation, however, is complicated by the fact that digital data evokes nothing for the computer and that their inadequacy (traces instead of forms, lists instead of distributions) distances them from the referents expected by the user. The geographical meaning of digital data, if not stored, can nevertheless be recalled from them thanks to the attitude of the researcher in geographical information science, an attitude which we describe here, from an epistemological point of view, under the name of phenomenology.","1999"
"0","0","0","1","Concepts for describing multi-representation databases","Christelle Vangenot","One of the major limitations of current spatial data models is their limited capacity to handle multiple representations of the same geographic objects from different viewpoints or at different levels of resolution. In this article, we first identify the needs arising from the presence of multiple representations of the same objects, then we propose concepts for associating several representations with an object, describing the validity of topological associations, linking corresponding objects at different resolutions, and finally, describing and querying objects and their attributes at different levels of semantic resolution.","1999"
"0","0","0","1","The systems approach as a tool for structuring spatio-temporal databases","Marie-Hélène De Sède, Alexandre Moine","Territories encompass spatio-temporal entities whose functioning relies on the relationships established between different categories of actors. However, the various databases that describe them poorly reflect this complexity, ultimately leading to the partial exploitation of a very rich informational potential. Thus, territorial data is often reduced to its graphic dimension alone, the harmonization of heterogeneous databases poses significant semantic and structural problems, and the results of their use are poorly sustained. Many of the identified problems originate from a lack of conceptualization upstream of the practical phases of use, during the modeling and structuring stages of the databases. The objective of this research is to propose a methodology for structuring spatio-temporal databases based on: - a systemic approach to conceptualizing the relationships between territorial entities and actors; - the proposal of a generic data hosting structure based on the upstream systemic approach and independent of downstream applications. - a modeling formalism integrating the spatio-temporal dimension of entities.","1999"
"0","1","0","0","MADS, or spatio-temporal information at the fingertips of its users","Christine Parent, Esteban Zimanyi, Pier Donini, Corinne Plazanet, Stefano Spaccapietra, Christelle Vangenot","Despite the recognized benefits of the conceptual approach to application modeling, existing spatiotemporal conceptual models do not meet the needs of designers. In this article, we briefly present the MADS model along three axes: structural concepts, spatial concepts, and temporal concepts. The orthogonality of the concepts allows for a model that is both simple (since these concepts are independent) and powerful (since the concepts can be freely combined). The model has been implemented, and translations exist into other operational models.","1999"
"1","0","0","1","The measurement of local indicators considered as a spatial bootstrap","Jean-Christophe Foltête","Our approach involves linking two seemingly unrelated techniques: bootstrapping and local indicators. Bootstrapping is a resampling method designed to observe the stability of any statistical measure; local indicator calculations consist of iterating a relationship calculation between variables by successively selecting the spatial neighborhood of the units studied. In both cases, the analysis is no longer based on a single model but on a large series of subsamples. From this perspective, local indicators serve to observe the spatial stability of any statistical measure. We attempt to demonstrate their value compared to a global model through a specific example: the relationship between population density and the daily mobility of the working population in Franche-Comté.","1999"
"0","1","0","0","From quantitative to qualitative, landscape decision-making","Jacques Monnier-Raball","The expression &quot;landscape decision&quot; seems common sense. However, it is not without its ambiguities. First, it suggests that one considers the current state of a given context without taking into account the more or less rapid evolution of the natural environment: one cannot therefore arbitrarily detach oneself from an ongoing process. Second, the expression suggests that the landscape finds its own end within itself. Finally, it assumes that any decision made within the environment entails predictable, probable, or even certain consequences, following a causal logic, that is, a purely linear chain of principles and effects, without considering its systemic nature as decisive: any action in space and time involves a certain number of uncertainties...","1999"
"1","0","0","0","Implementation of a territorial information system for estuaries: application to the mouth of the Seine","Jean-Côme Bourcier","This research proposes the implementation and operational use of a Geographic Information System (GIS) specific to the Seine estuary, using a multi-thematic geographic database. The objective is to design a territorial information system encompassing the diverse environmental aspects of the estuarine environment and exhibiting a transferable methodology. Within the framework of the national research program on wetlands, this system has demonstrated its effectiveness by improving the understanding of these areas through the relevant integration of geographic information.","1999"
"1","0","0","1","The SIGAUR project (Geographic Information System and Urban Acoustics): new perspectives for the spatial analysis of noise pollution","Erwan Quesseveur","This article presents a research project addressing the integration of a noise pollution information layer into a geographic information system. After discussing the current state of noise pollution and the methods currently in place to combat it, we will demonstrate the new perspectives offered for the spatial analysis of noise pollution. By comparing a territory&#39;s noise exposure to its vulnerability to noise, we aim to propose a spatially explicit decision-making criterion for land-use planning. This project is the result of a collaboration between the Scientific and Technical Center for Building (CSTB) and the geographic information system team at the Institute of Alpine Geography (Grenoble).","1999"
"0","0","0","1","Building your own maps: the development of interactive statistical tools integrated into a geographic information system","Benoît Ogier","Microcomputer operating systems today offer user-friendly interfaces. Furthermore, some geographic information systems (GIS) provide interesting development possibilities through plug-ins in the most common programming languages (Pascal, C, Delphi, etc.). Building on this foundation, we were able to enhance the functionalities of a GIS (spatial queries, route calculation, data management, mapping, etc.) with a series of statistical and graphical modules. These tools provide the user with all the statistical information and graphical representations necessary for a complete data analysis. Indeed, the modules are interconnected, allowing a study to be approached from multiple perspectives simultaneously and enabling comparison of the results of different methods. Moreover, the map is automatically updated as soon as data is categorized using one of the modules. We are therefore faced with complete interactivity between geographic information systems, maps, and statistics. But we can go further and consider experimenting with other graphic tools, particularly for processing the results of factor analyses.","1999"
"0","1","0","0","Image, learning, visual appropriation of space","Robert Borodkine","Imagery is a key element that accompanies the geographical approach in its many facets: legible landscapes, remote sensing, or more broadly, the spatial understanding of phenomena. From this perspective, automatic image processing is undeniably valuable, but despite its undeniable advantages, it does not yet fully rival human vision, whose adaptability remains unmatched. Therefore, we have undertaken research that places learning at the heart of image analysis. This research is conceived as a confrontation between cybernetic and geographical approaches, the latter being based on a relationship to space that takes into account its object-related, functional, and subjective dimensions. In particular, we have explored the concepts of representation and correlation in greater depth. This research leads to a model based on the notions of learnability and perceptual appropriation of the environment. This model sheds new light on the relationships we have with space, an object of sensory perception and mental structuring, but also on the very problem of modeling the system that constitutes the environment in its most global sense.","1999"
"0","1","0","0","The graph and the graphy of the Earth: a formal exercise to commemorate the bicentenary of the voyage to equatorial America","Hervé Gazel","This paper focuses on the migration of written geographical knowledge to a digital format. Such a migration can be conceived as hypertextualization. It involves examining the relationship between the graph and geographical writing. The example of climate classification, which draws on Humboldt&#39;s work, demonstrates how the transformation of geographical knowledge is linked to the analysis of the relationship between the graph and the written representation of the Earth.","1999"
"1","0","0","1","Taxonomy and remote sensing: the persistence of names during resolution changes","Denise Blamont, Marcel Raffy","The rules governing the relationship between radiometric nomenclature and changes in resolution are presented, along with a method for developing a low-resolution taxonomy from a high-resolution nomenclature. An example of mapping a Himalayan region using images of different resolutions illustrates this presentation.","1999"
"1","0","0","0","Field observations and remote sensing (King&#39;s Bay, Northwest Svalbard)","Dominique Laffly","Field observations are fundamental in remote sensing: depending on the study&#39;s purpose, the description of the observed landscapes will be more or less detailed. A simple identification of the main land cover features requires few indicators and does not necessitate precise location. In contrast, analyzing pixel content for statistical modeling relies on a detailed thematic description of very precisely located points. In this case, the images used must be correctly georeferenced, and location in the field is determined using differential GPS. The remaining challenges are selecting the points to analyze and observing their content. In this article, we present a method designed to address these two issues. Our approach is based on the technique of systematic non-aligned sampling. This technique allows us to consider both the luminance of the observed points and their location to define the sampling plan. The examples shown are from a study carried out on the sandurs of the Brøgger peninsula in northwestern Svalbard (SPOT XSP images).","1999"
"1","0","0","0","Use and evaluation of remote sensing in the study of urban development: the example of the Oran metropolitan area (Algeria)","Nourredine Benabadji, Abdelkrim Benammar, Abed Bendjelid, Kheira Tabet Aoul","The aim of this article is to examine how satellite image analysis can contribute to the study of urban growth in Algeria. We have observed that the city of Oran, Algeria&#39;s second largest city, exhibits areas of significant expansion (to the east and south); however, this often excessive growth has occurred without prior consideration for urban quality. This study comprises two parts: a) we begin by highlighting the scale of this often unplanned growth and the speed of its development, while identifying priority directions. This analysis is based on classifications performed on two multispectral satellite images (Spot XS 1986 and 1995); b) in a complementary study, currently underway, we attempt to make future projections regarding the evolution of this urban fringe and its capacity to accommodate redevelopment projects.","1999"
"1","0","0","0","Summer pasture landscapes: from remote sensing to synthetic mapping","Muriel Harguindeguy","In the Pyrenees, summer pastures are high-altitude grazing lands. Sensitive environments, undergoing rapid change, coveted and crucial to a fragile economy, they are receiving particular attention. In this context, a detailed understanding of these pastures is more necessary than ever to carry out relevant pastoral assessments. These assessments require maps of plant composition in relation to their pastoral value over large areas. The acquisition of this information can be facilitated by the use of remote sensing, which allows for the production of thematic land-use maps for applied purposes (maps of pastoral value, potential livestock density, etc.).","1999"
"1","0","0","0","Systematic analysis of the visible landscape from ground photographs: example of the Loven East basin, King&#39;s Bay, Svalbard","Madeleine Griselin, Serge Ormaux","Photographic sampling and systematic image analysis procedures were developed by geographers in Besançon based on several studies of temperate environments. This work presents an adaptation of the method to a primarily abiotic environment. In 1998, the landscapes of a partially glaciated basin in Svalbard (Loven East) were surveyed on a very large scale using a dual spatial and temporal sampling approach. The structure of the image database and the principles of its use are then described.","1999"
"0","0","0","1","Spatial concentration of road accidents: method for identifying black spots based on spatial autocorrelation, application and sensitivity analysis","Benoït Flahaut","The aim of this contribution is to identify areas of spatial concentration of road accidents in the form of black spots rather than black spots. Applying a geographical analysis method based on local measures of spatial autocorrelation allows us to locate these black spots. The relevance of the method is considered, and a study of the sensitivity of the results to different levels of contiguity and several weighting functions is presented. The results are also compared to those obtained using a kernel smoothing statistical method. Applying the method to a few roads demonstrates its suitability and applicability to the problem of locating black spots.","1999"
"0","1","0","0","Diagnosing road risk using a geographical approach: initial considerations","Florence Huguenin-Richard","Geographical analysis of road risk is a minor approach in accident analysis. However, considering space through the concepts of proximity, distance, and location should be able to reveal safety factors, particularly those related to the environment of the road accident. Currently, the development of spatial databases and their integration into geographic information systems are increasing. However, their exploitation requires the use of analytical methods adapted, on the one hand, to the nature and richness of the information and, on the other hand, to the problems of diagnosing and estimating road risk. Our study, conducted within the Lille metropolitan area, focuses on the problems of risk estimation using spatial methods: the problem of risk observation scales and data aggregation, the choice of risk estimators, and the integration of spatial characteristics as a safety factor.","1999"
"1","0","0","1","Surface representation of discrete point events: methodological comparison based on the distribution of road accidents in the urban community of Lille","Arnaud Banos, Jérome Bolot","Visually identifying spatial structures from a point cloud is a challenging task, especially when dealing with a large number of points. This article presents and compares two methods that significantly improve the graphical representation of spatial point data. The first method relies on a spatial grid, while the second is based on estimating a Kernel density function within moving windows. Both methods are applied to road traffic accidents in the Lille metropolitan area.","1999"
"1","0","0","1","Method for identifying local concentrations of events in a point cloud: application to road traffic accidents","Arnaud Banos, Florence Huguenin-Richard","This article presents an exploratory point cloud analysis method derived from Stan Openshaw&#39;s Geographic Analysis Machine (CAM). It allows for the automated identification of significant local concentrations of events within a given geographic space. As an example, the method is applied to road accidents that have occurred in the Lille metropolitan area.","1999"
"0","0","1","0","Network morphologies and accessibility","Cyrille Genre-Grandpierre","All our movements are constrained by the structure of transport networks. However, due to the unequal performance of these networks (spatial coverage, travel speed), they tend to make space non-homogeneous and non-isotropic, that is, non-Euclidean. Traditional geometry therefore seems increasingly inadequate for modeling space as it is experienced. Thus, in order to account for the changes in the interrelationships between places induced by these networks, we propose an analysis of their effects based on fractal geometry, which does not postulate the homogeneity of space and, consequently, provides a different framework for interpretation. We will first analyze the consequences of network structure in terms of spatial coverage, and then we will attempt to see how the quality of accessibility to a network of service providers depends on the morphology and functionalities of the network that connects these providers.","1999"
"1","0","0","0","Spatial analysis of rural exodus through the diffusion of surnames","Sandrine Assalin","For nearly two centuries, a massive rural exodus affected the hinterland of the middle Rhône Valley, generating a significant migratory flow from the countryside to the cities. While net migration has been the subject of numerous studies, the trajectories followed by migrants between the sending and receiving regions remain poorly understood. To reconstruct these trajectories, rare surnames originating from the hinterland are used as markers to track diffusion over a long period. The necessary surname information was collected from telephone directories, and the results were interpreted using a gravity model. The analysis reveals that while most migratory flows were directed towards the nearest major cities, as predicted by the model, specific spatial patterns are highlighted by the analysis of the model&#39;s residuals.","1999"
"0","0","0","1","Theoretical contribution to measuring the homogeneity of urban fabrics","Mindjid Maïzia","The study examines the city from the perspective of its built environment, its planimetric and volumetric form, its land use configuration, its plot divisions, its architecture, and so on. The aim is to quantify the internal morphological homogeneity that characterizes any urban fabric. The proposed analytical method involves decomposing the city into systems of semantically identified elements. The set of these systems is called a meta-system and corresponds to the entire coverage of a GIS. Through two indicators, morphological deviation and the irregularity rate (differential), it is possible to measure the degree of regularity of a given morphology.","1999"
"1","0","0","1","The resilience of a spatial system: the example of the Comtat","Christine Aschan-Leygonie","The concept of resilience originates in physics and was subsequently transferred to ecology. Currently, in ecology, resilience is understood as the capacity of a system to integrate a disturbance into its functioning without altering its qualitative structure. The degree of resilience of a system in relation to a disruptive event does not in any way prejudge its return to its previous state after a disturbance. It implies that the system manages to integrate the disturbance, or even benefit from it, and thus improve its functioning. This study applies this concept to geography through a case study: the dynamics of the Comtat Venaissin spatial system during two periods of disruption: the agricultural crises of the second half of the 19th century and recent economic difficulties. The new European landscape has indeed placed Comtat Venaissin agriculture at a disadvantage compared to more competitive rivals. In order to highlight the various criteria that influence the degree of resilience of a spatial system, a qualitative formalization in different dynamic phases was carried out.","1999"
"1","1","0","0","Urban complexity and the measurement of risk","Lorena Franzini, Lidia Diappi","This research analyzes the concept of risk and develops a potential tool for studying urban systems. The assessment and management of territorial risks have been extensively explored in detail by numerous contributions, particularly those concerning the role of spatial planning in prevention strategies. In an urban setting, the approach differs when the damaging event is not accidental but structural, and the risk is directly linked to the behavior of social systems. This paper considers the subject from an analytical perspective, aiming to develop an investigative tool capable of accounting for the multidimensional nature of the phenomena that generate risk and the complex nature of risk itself. Risk analysis can reasonably be included in the debate surrounding vulnerability, given the crucial importance of aspects such as prevention and security in urban environments. This paper proposes an answer to the questions raised by these key aspects of risk, attempting to move beyond the traditional approach to risk analysis based on additive and compensatory logics. Two applications are proposed: a micro-scale investigation aimed at determining the relationships between urban morphology and air pollution caused by automobiles and an urban-scale study for the construction of an analytical-descriptive structure of the risk conditions generated by the simultaneous presence of different critical factors.","1999"
"1","0","0","0","Towards the end of industrial suburbs?","Edwige Dubos-Paillard, Patrice Langlois","This article presents the evolution of industrial locations within the Rouen agglomeration from 1976 to 1992. It relies on several statistical indicators which highlight a spatial dispersion of the sector of activity linked to the decrease in the number of establishments and employees during the period, but also to the appropriation of new sites by a certain category of industry.","1999"
"1","0","1","0","A simulation model of internal migration in the Basilicata region (Italy)","Nicola Tamma","This work presents a gravity model, proposing a formulation that follows in the footsteps of potential models, according to which the difference in opportunities offered in each center of the study area constitutes a measure that determines the aptitude for emigration between the municipalities of the Basilicata region. This application is proposed to reconstruct and interpret migratory flows, thus contributing to the explanation of the regional dynamics of Basilicata, which are typical of an inland region of the Apennines in southern Italy, where the complex morphology of the territory becomes a factor with evident effects. The model formulation presents innovative aspects, particularly in the calibration and selection procedure for the variables studied in the analytical phase of the research.","1999"
"1","0","0","1","A methodology to investigate the effects of globalization on local territorial structures","Silvana Lombardo, Luisa Santini","The main objective of this study is to identify the existence and influence of economic changes on territorial organization at the global level, in terms of the organization of production systems and location choices. Few studies have been conducted in this area, undoubtedly due to insufficient data and the specific nature of the numerous local territorial systems. This observation led us to propose a methodology capable of enriching knowledge in this field. The work focused on: • theoretical aspects relating to new models of territorial organization, such as the network paradigm, the impact of economic globalization on production systems, and internationalization; • empirical aspects through the analysis of production systems in two Italian regions (Lazio and Abruzzo), which have been little studied but for which recent developments have shown profound changes, particularly at the level of small and medium-sized enterprises, with local systems adapting to the adjustments brought about by the evolution of the global economic system. These two cases were analyzed using a questionnaire sent to a sample of companies. Due to the new confidentiality law severely restricting the use of many sources, the research relied primarily on data provided by major official bodies (the Central Institute of Statistics and the Union of Chambers of Commerce). A number of indicators were identified in order to: • provide data for the cases studied, • simplify the statistical scope and extract the sample. Ultimately, the questionnaire made it possible to identify the general characteristics of the companies, the relationships in which they are involved, and to identify and assess the relevance of location factors.","1999"
"1","0","1","0","The effects of the national road network on departmental economic development in France: a modeling approach","Bernard Fritsch","This article adopts a model-based approach, aiming to assess the extent to which the hypothesis that the national road network is a factor in departmental economic development is empirically valid, and to measure its economic effects. It relies on the estimation, through multiple regression analyses, of the coefficients of mathematical models of the aggregate production function type, based on departmental observations. The results show that market GDP and the productivity of market activities depend significantly on the level of road and highway infrastructure; that disparities in levels of economic development are well explained by departmental road allocations; and that, all other things being equal, an increase in these allocations translates into increased economic activity. These effects of the national road network appear more pronounced in departments with low or medium population and economic activity densities.","1999"
"0","0","1","0","Towards a model of home-to-work travel and associated travel","Jean Renaud Dumas, Sophiz Passegué, Mohamed Hilal","The separation of place of residence from place of work (employment, shops, services, etc.) serves as the basis for the creation of functional zones such as urban areas, employment zones, or catchment areas. Commuting patterns indicate an increasing concentration of jobs, shops, and services in cities and a residential dispersion around them. This work attempts to situate the logic of inter-municipal travel in different spatial categories (urban and rural) by exploring, in particular, how several travel motives can be combined during the same sequence. The main hypothesis is that there are primary drivers of travel (all those related to employment) onto which travel with secondary motives is grafted. The main data source used is the 1993-1994 IN RETS-INSEE transport and communications survey, which will be matched with data from the general population census and the municipal inventory.","1999"
"0","1","0","0","Intermunicipal cooperation and territory: a first systemic approach","Florence Vaivre","Intermunicipal cooperation takes extremely varied forms depending on the local context. This study aims to assess the capacity of this form of cooperation to develop genuine territorial integration. This objective notably involves identifying local factors likely to have an influence and then the local system that integrates them.","1999"
"0","1","0","0","Urban form and distribution of pollutants","Christiane Weber","Air pollution, which characterizes our cities, is of increasing interest to scientists, as well as political and administrative actors and the general public. The proportion of city dwellers exposed to this type of pollution is steadily growing across the European continent, leading European and national directives to attempt to regulate its causes by increasing the means of prevention (industrial and technical, but also administrative and legal), as well as alert and communication measures. However, to ensure the success of these initiatives, it is necessary to address these phenomena with a more comprehensive approach than has been used until now. While models of air pollutant distribution have been well developed at macroscopic scales, the urban scale is much less so. The research project presented here adopts such an approach, linking the microscopic scale of observation (the monitoring station) to a larger scale (the urban area). The main hypothesis is that urban forms have a significant impact on the distribution of pollutants, whether at the street level, the measurement site level, or the city-wide level. Furthermore, to compensate for the insufficient number of measurement stations, it is necessary to find ways to spatially represent the collected data in order to obtain a comprehensive picture of air pollution phenomena. Satellite imagery is used here as an information vector, providing a solution to this problem. ","2001"
"1","0","0","1","Space, entropy, environment","Michel Phipps","The advent of individual-based modeling and the development of geographic information systems have sparked renewed interest in the geographic applications of information theory. An algorithm designed for the analysis of spatial distributions with discrete variables is presented. It consists of progressively reducing the entropy of the system using information provided by a combination of variables describing the system. The results of this approach reveal a redundancy that measures the level of order of the system. An application to the distribution of forest cover types in Manitoba, Canada, is presented. ","2001"
"1","0","0","1","An analysis of the evolution of intra- and inter-regional contrasts using mathematical morphology: The example of Provence-Alpes-Côte d&#39;Azur","Sylvie Autiero","The approach presented here has two objectives. Firstly, it highlights intra- and inter-regional divisions and their evolution within a territory. Secondly, it reveals the areas experiencing the most significant changes over a given period. The search for contrasts between places and their spatio-temporal analysis is facilitated by the use of mathematical morphology. Indeed, the application of this methodology in detecting existing discontinuities allows for the simultaneous consideration of the layout of places and their value, while also enabling an &quot;in situ&quot; visualization of the results. We have chosen to work with variations in population density to account for the intensity of the divisions produced over time by population movements. The demonstration will be based on the Provence-Alpes-Côte d&#39;Azur region, an area where the situations encountered are numerous and complex. ","2001"
"1","0","0","0","Boundaries, packing and diversity. Spatial scaling laws in squatter settlements","Fabiano Sobreira, Marcelo Gomes","The geometry of squatter settlements on the northeastern coast of Brazil is examined and compared to settlements in the central region of Kenya. In particular, the fragmented structures of the islands of habitations in these settlements, and the void area (regions unoccupied by houses) are studied. We find that such settlements, when constrained by urban and natural boundaries, present robust configurational patterns, expressed by statistical distributions with scaling properties. Such scaling properties, when considered in planning purposes, can be useful on describing and predicting the spatial and social parameters of such squatter settlements. Several scaling functions and other mathematical expressions, which are of interest in urban studies, are also derived and discussed. ","2001"
"1","0","0","0","Radial analysis of the urban fabric of Oran","Sadika Selka, Abdel Benhamar","This article presents radial analysis, a fractal method for analyzing urban fabrics. Applied to the urban fabric of Oran, a city experiencing rapid urban expansion due to various factors, this analysis supports studies conducted by researchers, including P. Frankhauser, on major cities and metropolises worldwide. For this analysis, a satellite image was used instead of a cartographic map, as was the case for applications to other urban fabrics. ","2001"
"1","0","1","0","Changes in the location of French industry from 1990 to 1995. A counting model approach","Jean-Marc Zaninetti","Industrial geography evolves primarily due to the creation and closure of establishments. The distribution of these events depends on structural factors, such as whether a company belongs to a group or not, and its business lines. It also depends on purely spatial effects, such as agglomeration strength and regional effects. It is this latter effect that we seek to isolate using a counting model. The number of events follows a heterogeneous Poisson process. The model calculates the differential probabilities associated with the various local combinations of factors. The spatial distribution of the regional effect contrasts the Northeast of the country, where changes are slow, with the Southwest and the Paris region, where industrial organization is evolving rapidly. The Northwest regions realize the main benefits, while the Southeast is in line with the national average. ","2001"
"0","0","0","1","Methods for evaluating regional training policies in France. How is the spatial dimension of the phenomena studied taken into account?","Patrice Caro","The five-year law of December 1993 concerning labor, employment, and vocational training granted new powers to the 26 French regions in the area of training. This law mandates an evaluation of the impact of regional vocational training policies every three years (Article 53). Following two evaluation phases (1993-1996 and 1996-1999), a third phase is currently being prepared, aiming to assess the impact of regional policies on equal opportunities for young people in accessing training and employment. The evaluation methods used are almost identical for each phase, relying on quantitative and qualitative analyses of regional and sub-regional situations. The evaluation work resulted in the production of three types of materials: regional statistical portraits, synthesis studies resulting from interview surveys in the 26 regions, and a general technical report. This article will focus on showing the methodological choices that guide these evaluations among the results obtained and published, and how the spatial dimension of the phenomena studied is taken into account by the actors in the regions and by the authors of the evaluation (diversity of labor markets, location of initial and continuing training schemes, geographical mobility of young people, etc.). ","2001"
"1","0","0","0","The benefits of sustainable management of aquatic environments for the purpose of enhancing the value of territories through recreational fishing","Raphaël Berthold","Recreational fishing encompasses the three pillars of sustainable development, presenting significant ecological and socio-economic challenges. We propose to demonstrate the numerous benefits of its implementation by comparing the attractiveness (to anglers) of several fishing areas with varying water quality and fish populations. These conditions may reflect the ecological evolution of waterways, but they are also the result of human interventions with diverse consequences. We will therefore show how humans can influence environments and, consequently, the presence or absence of species of high heritage value, and how these two factors affect the intensity of recreational fishing.  ","2001"
"1","0","0","0","Analysis of centralized spatial diffusion processes: The case of service establishments providing services to businesses","Eric Daudé","This article presents an analysis of the expansion patterns of business service networks in France. The growth of a business network is expressed by the multiplication of the number of establishments managed by a head office. While a wide variety of growth objectives and numerous location factors can be observed by company and sector, the objective of this article is to identify recurring patterns in location strategies at a global level. Are the relocation patterns of establishments from their head offices comparable to the spatial diffusion processes of innovations? Contiguity matrices and the hierarchy of employment zones are used to analyze the diffusion of establishments controlled by their head offices. Results at the global level allow us to understand the influence of diffusion processes through contagion and hierarchical channels on the expansion patterns of business service networks. At the local level, a strong impact of the degree of centrality of the head office&#39;s location on the spatial distribution of its establishments is observed. ","2001"
"0","0","1","0","Modeling and simulation of flood risk in a Mediterranean urban environment","Damienne Provitolo","A new object of research in the scientific world, risk—whether of natural, technological, economic, or health origin—continues to worry society. In this paper, we focus on a crucial aspect of risk: its complexity, as it combines hazard and vulnerability. Dynamic system modeling allows us to grasp this complexity and is therefore used to construct risk models. This methodology not only integrates the vulnerability component into the risk system but also transcends the divide between nature and society. Above all, it offers the possibility of moving beyond a static view of phenomena to study them as dynamic systems. In this context, the STELLA 5.1 Research software is used to model and simulate all the stock and flow equations related to the risk system. ","2001"
"0","0","1","0","Optimization of locating problems in urban contexts","Roberto de Lotto","The object of the paper is the analysis of a location-like problem with reference to an urban context. The uncapacitated and capacitated urban functions and facilities are considered. This kind of problem is usually stated as follows: given m clients and n potential sites for locating prespecified functions and facilities select an optimal set of locations. The paper formulates a traffic network model oriented to the analysis, simulation and sub-optimal solution to a location-like problem. The model is analogous as it describes the road network as an electric network; it describes each lane of a road as an oriented link, characterized by (time-varying) parameters, such as the route time at given unsaturated conditions. Road intersections are represented as nodes with inflows and outflows. The effect of the location of a facility or a function in a precise site over the surrounding extended area is particularly modeled. The proposed model is based on an interactive software package, as a decision support system, supported by a graphical front-end named ULISSE, on LINUX platform, which shows the plan of the selected city, and that allows to show the result of the simulation with the possibility to change each parameter of the net directly on a friendly graphical front end. The main result is the optimized location of the facilities or functions in the urban context, visualized directly on the city plan. Other results are: -the influence area of each service site; -the degree of use of each service; -the induced traffic flow increment on each road; -the total cost of any given service location. Moreover other results can be obtained: -the minimum path matrix for all the nodes of the network; -the distribution of traffic due to a given origin-destination matrix. ","2001"
"1","0","1","0","Factors influencing the growth of residential areas in peri-urban zones. An attempt at integration applied to the Namur region (Belgium) using cellular automata.","Jehan Decrop","The phenomenon of urban sprawl is one of the most significant geographical processes affecting mixed urban-rural areas in Western Europe over the past few decades. While a substantial body of literature has highlighted the numerous factors responsible for this phenomenon, integrating them into a spatio-temporal model remains far more challenging given the complexity of the processes involved. This article proposes a methodology for modeling the growth of residential areas based on the principles of cellular automata. By combining a quantitative module focusing on the temporal dynamics of the number of households with a spatial module of potential location factors, this model could lead to prospective simulations of residential area growth. The application area for this model is the urban region of Namur (Belgium). This article does not claim to be exhaustive and only addresses the methodological aspects of an ongoing doctoral thesis. ","2001"
"1","0","0","1","Self organized maps: a neural clustering method for urban analysis","Lorena Franzini, Paola Bolchi, Lidia Diappi","This research focuses on experimenting with a data processing method based on Neural Networks, and therefore on a connectionist cognitive approach. The aim is to explore the relationship structure between urban indicators and to understand the structural links within urban systems. The study analyzed the connections present in a set of variables for the city of Milan, divided into 144 statistical zones. The Milan database was analyzed using a definition of urban sustainability, interpreted as a positive interaction between the social, economic, and environmental systems, and to determine a series of indicators to express the relationships between these three systems. Previously, the same database had already been analyzed using a risk measurement methodology based on a threshold approach and Self-Associated Neural Networks. This paper presents a new version of Self-Organizing Maps (SOMs). SOMs implement a spatial organization process whereby input units are classified according to their urban characteristics. The network logically divides the input space into &quot;clusters,&quot; where the principal components that differentiate the input data prevail. SOMs are networks that evolve through unsupervised and self-organizing learning, operating the input units in competition according to a &quot;winner unit&quot; principle. Applying this network typology allows the construction of Milan maps while maintaining spatial disaggregation into statistical zones. The results of SOMs have enabled the creation of &quot;clustering&quot; plans where zones are identified either by their high similarities or by their position in the output matrix (whose dimension must be defined at the beginning of the neural process). ","2001"
"1","0","1","0","Spatial dynamics simulation. The example of population densification around Avignon","Philippe Ellerkamp","In the Avignon region, the spatial organization of population densities appears to strongly determine the spatial dynamics of settlement between 1936 and 1999. It seems possible to account for a significant portion of these dynamics using principles of dependence on the previous situation and interaction between neighboring spatial units. To verify the validity of these hypotheses, a simulation model was constructed. This model is a cellular automaton in which the cells have a resolution of one square kilometer. The model&#39;s operation is based on a local evolution rule that integrates a process of cell population diffusion and a process of population growth through external input. No global constraints or exogenous rules act on the cell dynamics. Only the initial configuration, which is the grid of densities from 1936 and represents the memory of the system&#39;s previous evolution, locally constrains the dynamics. This model does not claim to reproduce reality as observed on density maps; rather, it contributes to the search for fundamental spatial processes. The simulations demonstrate how very simple local mechanisms can generate coherent macro-dynamics. Existing configurations are thus amplified through both an increase in the polarization of the most heavily urbanized areas and a homogenization of peri-urban spaces through diffusion.  ","2001"
"1","0","1","0","Modeling urban sprawl: The case of Tijuana in Mexico","Michel Le Page","This article proposes three approaches to modeling urban expansion, using Tijuana, Mexico, as a case study. First, empirical observation of the structure, functions, and evolution of the urban system leads to an initial mapping. Second, a statistical method is developed based on two key components: the attraction of the urban center and the localized effect of topography. The third technique involves the use of a cellular automaton. ","2001"
"1","0","0","1","Minor technological risk: localized database and visualization. The example of service stations in the Strasbourg urban community","Claire Hiegel","This article presents, through the example of service stations in the Strasbourg Urban Community, the development of an interactive tool to assist in responding to &quot;minor&quot; technological risks. Visualizing these risks makes them perceptible and tangible in space, and provides a comprehensive rather than fragmented view. The implementation of this tool required prior in-depth analysis of the relevant variables and criteria related to both hazards and vulnerabilities, in order to build a database tailored to minor technological risks. ","2001"
"0","0","0","1","Ecology and GIS: a heritage management tool applied to natural tourist areas","Jean-Christophe Loubier","In a sustainable development approach, we have attempted to design a software management tool for local authorities. This set of interconnected software programs forms a meta-system that spatially represents the dynamics of the natural environment using Shannon&#39;s entropy equation. This allows fragile areas to be visualized in map form. Planners can thus quickly identify areas where the exploitation of the natural environment risks triggering serious, even irreversible, degradation. They can then prevent future development problems rather than simply addressing the consequences. ","2001"
"0","1","0","0","Giving non-motorized modes of transport a chance through the development of road networks","Cyrille Genre-Grandpierre","The article begins by demonstrating how modern road networks, through the geography of accessibility imposed by their morphology, tend to structurally favor car use at the expense of active transportation modes. It then puts forward proposals for road network design that provide accessible and accessible routes for active transportation, illustrating the extent to which it is possible to combat car dependency for short-distance journeys. ","2001"
"1","0","0","1","Geographic origin of the urban population","Sandrine Assalin","For approximately two centuries, rural populations have migrated to cities. This demographic concentration has followed a diffusion pattern from the countryside, resulting in a mixing of populations within urban areas. Cities have exerted varying degrees of attraction depending on their location and size. This study will focus on the central municipalities of medium-sized cities. This attraction can be measured through the diffusion of rare surnames, which serve as markers for tracking populations over long periods. This presentation will focus on the development of an experimental method for detecting population flows through the diffusion of rare surnames and the use of the chi-square test. ","2001"
"0","0","0","1","Relevance of a method for analyzing spatial dynamics by taking into account road traffic flows","Rémi Tauleigne","This reflection stems from the lack of theoretical and methodological convergence between researchers interested in network analysis and those interested in spatial dynamics in human geography. Network morphology and flows, however, appear to play a significant role in structuring space and would therefore be essential to understanding spatial dynamics. This lack of convergence, which may only be apparent, seems largely linked to the difference in the nature of the variables used, since network variables are by nature &quot;reticular&quot; and most variables commonly used in spatial analysis are &quot;area-based.&quot; This contribution thus emphasizes methodological aspects. In particular, it presents a method for comparing variables of different natures, such as road traffic flows and demographic variables, and evaluates its relevance for analyzing spatial dynamics.","2001"
"1","0","0","1","Disaggregated analysis: a luxury or a necessity? Application to the analysis of urban-scale travel generators","Thomas Thévenin","The disaggregated approach is too often neglected when analyzing travel generators at the urban scale. Yet, travel generators are key drivers of movement in urban life. Workplaces, shopping centers, and leisure venues attract and generate travel daily. It is therefore essential to pinpoint their precise locations and identify their characteristics in order to improve transportation networks. The objective of this article is to present a disaggregated analysis method for travel generators at the urban scale. To this end, the main principles of the disaggregated approach will be presented first. Next, the structure of the geographic information system will be detailed. Finally, the methods developed above will be illustrated with an application example: the optimal location of stations on a tram line currently under study in Besançon. ","2001"
"0","0","1","0","Modeling visitor movement in natural areas. Evaluating the potential impacts of a development project.","Fabrice Decoupigny","A quick review of visitor movement patterns in natural areas reveals that tourist sites are increasingly frequented by local populations, particularly urban dwellers. A major problem is that these visitor flows are not integrated into traditional studies based on purely tourism-related indicators (number of overnight stays, tourist function, etc.). Drawing on observations made during visitor surveys, we developed a simulation model of visitor movement in a regional natural area (the FRED model). The model&#39;s challenge lies in formalizing two types of movement at two scales: car travel and pedestrian travel. ","2001"
"0","1","0","0","The urban place-object, a morphogenetic singularity","Sébastien Gadal","The images transmitted by satellite represent matrices of electromagnetic pulses of portions of geographic space: pixels. These representations are neither the geographic objects themselves, nor their direct reflections in the form of reflected radiation. They are located on the screen using a geodetic coordinate system. We see localized differences between images. These differences are considered geographic because they are located on the Earth&#39;s surface. But is location sufficient to justify the label &quot;geographic&quot;? The question arises because several objects can be located in the same area. The geographic character, therefore, does not depend on location but on geographic differentiation. In the case of the morphogenetic modeling method of geographic space, we observe images of objects whose reflections are combined. Or, more precisely, differences between the images of objects which, most of the time, are not simple but combined, and for which, for example, urbanized areas are morphogenetic outgrowths. The morphogenetic method therefore relies not only on the geodetic differentiation of locations but also on the geographical differentiation of objects. All objects are considered to have a place on the Earth&#39;s surface. This method detects localized places before localized objects; that is, it seeks to represent geographical object-places. ","2001"
"1","0","0","0","From the overall observation of changes in societies and rural areas","Nathalie Fer","This article presents the method initially developed for the study of wasteland in the Pays d&#39;Auge (Normandy).","2001"
"0","1","0","0","From spatial memory, or learning","Robert Borodkine","The study of systems involving living organisms, with or without an anthropogenic component, and the concepts of ecosystem, geosystem, and metabolism, place great emphasis on the exchange and transformation of matter and energy. The information involved is often neglected. In this article, we propose considering the functioning of systems including living elements as being based on the information they contain rather than on the concepts of matter and energy. From this perspective, it is crucial to recognize that the quantitative approach—even when combined with a systems perspective—is not, in itself, a guarantee of objectivity: we are limited to considering only a portion of the inexhaustible mass of objective elements we could consider, which amounts to privileging certain aspects at the expense of others. We can then introduce the concepts of learning and sustained perception. These issues stem both from the non-random nature of properties that can be discovered within the environment, and from the way in which the environment can reveal them. This leads us to revisit a wide range of problems. Examples include the concept of an ecosystem&#39;s absorption capacity in the face of disturbances, the dynamics of such systems, certain indirect transformations of living organisms, the evolution of sensitivities and practices in relation to space and tools, and biodiversity.  ","2001"
"0","0","0","1","Geographical distance","Georges Nicolas","On a map, the distance between two points A and B is equal to the distance from A to B. On the ground, this is not the case. For someone walking, the effort required to climb from point A at the bottom of a mountain to point B at the summit is not equal to the effort required to descend it. This lack of symmetry, or non-reciprocity, is found in many other areas: economic, social, political, etc. The idea developed is that there is something common to all these distances: geographical distance. This is calculated using: 1) the geodetic distance dK, which is the sum of the lengths measured on the Earth&#39;s surface, using the metric system, between the locations of objects at A and B; 2) the numerical value of the objects located at A and B. It is measured by the product of the square root of the ratio between the numerical value of the objects and the square root of the geodetic distance that separates them.","2001"
"0","0","0","1","An experiment in analyzing textual data about household waste: advantages and conditions for using a method","Estelle Kah","Starting with the problem of a population&#39;s relationship with its environment in the context of household waste, this study examines the contributions of textual data analysis to define its advantages and limitations in a geographical survey. The method used, ALCESTE, is undoubtedly one of the most sophisticated and objective. An exploratory method that allows for the characterization and classification of speakers and their discourse based on geographical, social, or economic criteria, it can serve as a preliminary survey or confirmatory analysis. In behavioral analyses, particularly in relatively unexplored fields such as waste management, it allows for the definition of lexical contexts, paving the way for the development of evaluative propositions. It enables the interpretation of contradictions or the explanation of limitations within the survey itself. However, its strengths are accompanied by cumbersome aspects, difficulties in interpretation, and limitations inherent to its very nature. ","2001"
"1","0","0","1","Waste transport. Method for assessing combinable potential: application to the case of Franche-Comté.","Geoffroy Brischoux","Over the past decade, numerous transport innovations have been developed, but none have truly progressed beyond the experimental stage. This article aims to assess the development potential of a new combined rail-road transport concept for household waste, using the example of waste produced in the Franche-Comté region. It will analyze, using several combination criteria, whether this alternative represents a significant strategic niche for the specific transport needs arising from the treatment of household and similar waste. ","2001"
"1","0","0","0","Behind the regional disparities in GDP per capita in the European Union: Statistical analysis","Laure Charleux","This article presents a spatial statistical analysis of regional disparities in GDP per capita, a key indicator of the European Union&#39;s regional policy. The analysis unfolds in three stages, following a conventional three-step process: univariate analysis, linear regression modeling, and classification based on the variables selected by the regression. In conclusion, an assessment of eligibility for Objective 1 is carried out using the same variables.","2001"
"1","0","0","1","Young delinquents and statistics: The problem of classification in the interpretation of statistics on delinquency and urban violence.","Veronica Noseda","The interpretation of statistics on trends in crime and “urban violence” has been the subject of much debate among criminologists and sociologists. According to these researchers, the main bias in these statistics lies in the fact that they measure not the activity of offenders, but rather that of the police and other law enforcement agencies. Few researchers, however, have examined the problem of the classification categories used in these statistics and their social applications. In this article, we will attempt to demonstrate that a circular relationship may exist between certain categories of social and territorial division used in the statistics and the activity of law enforcement agencies. ","2001"
"0","0","0","1","Evaluation process in home car parking. Vague formalization of the level of acceptance by motorists of a restrictive parking management policy.","François Pezzoli","Since the 1980s, parking problems have intensified significantly. Initial models have evolved, and new ones have been created to aid decision-making. Depending on the objectives and context, different models can address common goals; therefore, we classified them according to whether they were descriptive or explanatory, and then according to whether they were related to user behavior or to parking availability and the traffic network. Our work is unique in that it focuses specifically and exclusively on city center residents. Constantly exposed to problems of cost, security, and a lack of nearby parking spaces, these drivers consider their parking space an extension of their home. It is therefore assumed that they have a preferred parking spot, deemed acceptable by the individual who occupies it. To measure the resident&#39;s trade-offs in their parking strategy, we used a method that incorporates the concepts of satisfaction trade-offs and compensatory phenomena. It allows us to nuance Boolean logic and to observe in detail how an individual behaves in the transition from accepting a proposition to its total rejection. ","2001"
"1","0","0","1","The usefulness of high-resolution images for assessing the role of vegetation in urban planning. What resolution for which needs?","Anne Puissant, Christiane Weber","Population growth in Europe and worldwide is impacting the quality of our environment: air pollution, noise pollution, and traffic congestion are concerns for individuals and especially for land managers. In this context, the development of environmental indicators is essential to assess the impact of green spaces on urban nuisances. This article presents the results of a quantitative analysis based on the automatic extraction of land cover classes from simulated images at different resolutions (10 to 1 m) of the Strasbourg metropolitan area. The objective is to define a user-oriented typology and to determine the appropriate spatial resolution for identifying descriptive variables of environmental quality (solely in terms of land cover). ","2001"
"1","0","0","0","Dynamic indicators for monitoring mudflats in the Seine estuary","Thomas Pouchin","In the Seine estuary, the areas of bare mudflats have decreased considerably in just a few decades. While sedimentation is a natural phenomenon here, its scale is excessive and particularly worrying, as mudflats are vital habitats for migratory birds and primary feeding grounds. The degradation and transformation of these rich and specific biotopes is one of the phenomena that necessitated the establishment of a wetland observatory in the Seine estuary. The analysis of a time series (1979 to 2000) composed of satellite images and aerial photographs has allowed for a detailed and consistent understanding of the landscape dynamics of this sensitive area. After identifying the main spatial changes, quantifying the movements (in terms of surface area) has enabled the development of trends that provide information on the speed of these phenomena and their future dynamics. In addition to sedimentation, a significant process of estuary artificialization, which multiplies direct and indirect environmental impacts on the integrity of biotopes, has been studied. The main result of this research is a precise and comprehensive synopsis of the spatial changes that have occurred in these mudflat areas. In the Seine estuary, the 21st century is beginning with the construction of the gigantic &quot;Port 2000&quot; port terminal. Its impact on the estuary&#39;s natural environments is largely unknown, making the wetland observatory more relevant than ever. ","2001"
"1","0","0","0","The consequences of El Niño/La Niña events in the Sinú watershed","Rigaud Sanabria","Given that the water and climate regime of the Sinú (Colombia) is disrupted by ENSO/LNSO events, we attempted to determine the spatio-temporal interaction of these phenomena on rainfall and river flows. We began with two questions: What is the spatial distribution of the consequences of these events? And, furthermore, can we predict the season, duration, and water balances of future events? In the Sinú, rainfall deficits and severe droughts are observed during El Niño, and abundant rainfall occurs during La Niña. Floods with catastrophic consequences occur during La Niña, as in August 1988, when nearly 69,000 hectares were affected. During the 1997–1998 El Niño, rainfall decreased by 50% and river flows by 40%. ","2001"
"1","0","1","0","The geometries of the body. Socio-spatial diffusion and ideal types of karate practice: an attempt at modeling","Ludovic Jeanne","This article presents the application—within the framework of a social geography problem—of the so-called &quot;ideal-typical&quot; method initiated by Max Weber. The research focused on analyzing the socio-spatial diffusion of bodily practices, and more specifically, that of karate throughout the world. From this question emerged a problem centered on examining the interaction between the socio-spatial process of diffusion and the object of diffusion. Such a problem, by hypothesis, attributes the transformation of the practice and the variability of its modalities, in time and space, to the diffusion process itself. Consequently, the ability to develop ideal types of karate practice is a direct contribution to the interpretation and understanding of the diffusion process, helping to overcome the real complexity of the object and the social world associated with it. A model was constructed based on three ideal types of karate practice. This model allows us to interpret the effects of socio-spatial diffusion on disseminated practice in simple terms. Despite this simplicity, it raises fundamental questions about the nature of diffusion phenomena and their effects. Indirectly, this model gives social and corporeal substance to a socio-spatial process that could, at least theoretically, have been analyzed solely from a spatial perspective. The application of this &quot;Weberian&quot; method raises two epistemological questions, which are examined here: interdisciplinarity and the relationship between an ideal-typical model and reality. ","2001"
"1","0","1","0","Modeling sociocultural communication networks in the city. Example of the city of Latakia (Syria)","Ossama Khadour","This article presents the design and implementation of a computer tool for representing, calculating, and analyzing a communication network derived from a territorial projection of the sociocultural system. A theoretical framework and an application are provided to clearly explain the foundations and outcomes of this computer tool.   ","2001"
"0","0","0","1","Pie chart or orthogonal diagram? Different levels of effectiveness for graphical images in information transmission.","Aline Jelinski","Why are pie charts used more often than orthogonal diagrams? Pie charts are more useful, even indispensable, when the data represents a single entity or whole. Orthogonal diagrams, on the other hand, have the advantage of allowing for precise estimation and ordering of the elements involved. ","2001"
"0","1","0","0","UML modeling and tools for spatial analysis","Paul-Annick Davoine","The implementation of Geographic Information Systems (in the broadest sense of the term) within a spatial analysis framework requires specifying the objectives to be achieved and modeling the domain of study. This therefore implies developing a representation of the reality being studied by describing, on the one hand, the selected geographic objects, their characteristics, and their relationships, and, on the other hand, the processing steps to be performed to meet the established objectives. Recognized as a standard for information system design, the UML (Unified Modeling Language) approach offers numerous models for identifying the static and dynamic structures of computer systems. This approach requires the analysis and structuring of the various parameters and information necessary for implementing these tools. The purpose of this article is therefore to present the specific features of the UML approach, which is in fact an object-oriented modeling language, and to examine its relevance in the design and implementation of spatial analysis tools. ","2001"
"0","0","0","1","D… as in distogram!","Didier Josselin","The Distogram is a tool dedicated to the analysis of statistical and spatial discontinuities, thanks to the dynamic link between a cartographic representation and histograms of descriptive variables. It allows for interactive modification of the number or boundaries of classes, discretization, transformation, and cross-tabulation of variables. ","2001"
"0","0","1","0","Transportation networks and the optimal location of human activities: a numerical geography approach","Isabelle Thomas","This article aims to demonstrate the importance of the shape of the transport network in the optimal location of human activities. Several series of simulations are generated on theoretical networks with square and hexagonal shapes. Common location-allocation models are applied (UFLP, k-median) under different conditions. The results obtained are tested on real networks and concrete land-use planning problems (location of health centers in a region where rainfall affects road accessibility; establishment of waste disposal sites at the municipal level). Several lessons can be drawn from these simulations and examples, particularly in terms of spatial management and land-use planning. ","2001"
"0","0","0","1","Graphs and fractals. The fractal as a constrained realization and a method for extending and reducing graphs.","Philippe Mathis","Recent theses have demonstrated that graphs are well-suited to the functional description of networks, while fractals prove more effective at the morphological level. Graph Theory does not sufficiently specify the conditions and constraints of graph representations. Addressing this deficiency, it can be shown that fractals are specific realizations, as well as a method for extending or reducing graphs that respects the property of internal homothety. We recall that graph realizations, according to Berge, are not based on any assumptions, and that other realizations have been made: a plane or plane projection of a three-dimensional realization by Cauchy, and a sphere and a torus by Lhuillier and Heawood. However, we found partial confirmation of our intuition in Mandelbrot himself. Indeed, its representation of a fractal generator corresponds to that of a graph whose vertices are unnamed, and more specifically to the planar realization of a graph. We demonstrate that the von Koch curve can be described as a graph, and that the internal homothety of the representation also translates into an internal homothety of the adjacency matrix. It then suffices to specify the constraints of the realization to recover the classic geometric fractal. Graphs can also describe fractal trees, as the self-similarity property of the adjacency matrix and the realization is preserved. The Mandelbrot H-fractal can also be represented as a regular tree: these are two realizations of the same graph but under different constraints. Furthermore, this fractal is not necessarily planar. We briefly discuss the example of the Pythagorean tree and the use of primal and quasi-dual concepts. The third example will be the Sierpinski carpet and its application to Christaller theory. This aspect will be extended to Brian Berry&#39;s hierarchical rhomboidal systems. Fractals have their correspondences in terms of graph extension and reduction, as do stochastic internal homothety fractals. Finally, we consider the mesh as a limiting case of the fractal, with examples of the square or rectangular H-fractal, triangular and ternary fractal meshes, the hexagonal dual, and then the quasi-dual of an expanding graph. Extended Graph Theory thus has an extension method from the adjacency matrix or realization and symmetrically a reduction method as well as effective morphology indices, which allows considerable progress in the representation and modeling of networks. ","2001"
"0","1","0","0","The drama of real-life in a time-geographic disguise","Bo Lenntorp","A description of a household&#39;s daily life, based on time geography, forms the backdrop of this article. The advantages of using time geography notation will be outlined, along with an introduction to some fundamental concepts. The body of the article consists of a discussion of theoretical considerations concerning the foundations of time geography. Particular attention will be paid to the study of certain key concepts, such as contextuality, embodiment, and collateral processes. The interface between the theoretical approach and the graphic notation system will be examined. Significant additional concepts will be highlighted to illustrate the points and provide a basis for potential applications. Some reflections on time geography will be raised to emphasize the pros and cons. Finally, several areas of application will be presented. The conclusion will suggest that time-geography can take on its full value within the framework of both the current debate on the physical and human sciences, and research aimed at considering time and space simultaneously. ","2003"
"0","0","0","1","Highways, activities and territories: methodological proposals for assessing the impact of highways on the spatial distribution of activities","Emmanuel Faivre","Can the highway determine economic activity? This relatively simple, long-standing, and controversial question, posed by the Paris-Rhin-Rhône Motorway Company, remains unresolved despite the acceptance of a logic of interactions taking precedence over a logic of automatic effects from a single element. It essentially encounters a methodological obstacle that, in the current state of research, prevents a more rigorous answer and the dissemination of conclusions validated in all cases. Therefore, we propose a new research method that integrates the entire system of economic activity location and a new research approach that no longer attempts to isolate the highway factor but tries to analyze the role played by the highway within the system to which it belongs. The culmination of our research is the development of a decidedly systemic analytical framework aimed at understanding and explaining the interactions between highways and the system of economic activity location. One of its potential developments lies in its formalization as an expert system. ","2003"
"0","0","0","1","Game theory and spatial planning: The case of the implementation of the &quot;Grand Besançon&quot; web portal","Oumar Ndiaye","Land-use planning is now one of the cornerstones of local government development. Game theory, a branch of economic theory, allows us to analyze the relevance of decisions made by elected officials when considering the management of scarce resources within their territories. From this perspective, game theory can be defined as a theory of decision-making by interdependent economic agents. In this regard, we distinguish between non-cooperative game theory and cooperative game theory. This article seeks to confirm the existence of a method enabling municipalities to pool their resources to optimize their use: waste, energy, water, new information and communication technologies (ICTs), etc. After briefly demonstrating the usefulness of non-cooperative games in the strategic behavior of certain actors, we will focus on cooperative game theory, as it is more relevant to land-use planning. The method we use to conduct our investigations is the Shapley Value Theory. The latter represents the average marginal contribution of each municipality or community, i.e. the value that this community brings in when it joins a coalition. ","2003"
"1","0","0","0","A complex and multi-territorial production system: The case of microtechnology","Sophie Bergeon-Carel","The watchmaking crisis of the 1970s and 1980s led institutions, businesses, and stakeholders in the Franche-Comté region to promote a shift towards microtechnology. However, this attempt to establish a new local production system based on companies originating from the watchmaking industry has been largely unsuccessful. Here, we present the initial findings of research based on the hypothesis of a production system that is no longer local, but rather multi-territorial, organized as a network. It appears to be developing primarily in areas that can be identified in the Paris and Grenoble regions of France, and in Switzerland internationally. The place and role of local watchmaking industries within this configuration remain to be defined. The difficulty in defining the concept of microtechnology itself, coupled with the sector&#39;s lack of specificity in industrial statistics, leads us to propose an inductive analysis of the system. This involves observing the practices of manufacturers and identifying the connections between them. From this point of view, the analysis of the Micronora trade fair in Besançon reveals the complexity of the system and helps to guide our future research. ","2003"
"0","1","0","0","The coastal sea: a pioneering fringe. Essay on the construction of a territorial entity","Brice Trouillet","Coastlines are often presented as a major discontinuity, as they materialize one of the boundaries of the inhabited world. If we accept this general principle of a front, it seems that this front is now tending to be complemented by a fringe: the coastal sea. On a global scale, maritime spaces have recently undergone processes of territorialization (in the legal sense). The gradual removal of technical obstacles to the physical occupation of marine and submarine spaces, the discovery of new resources, and the corresponding rise of oceanographic research have made possible the development of modes of spatial occupation previously unknown at sea. The occupation of the coastal sea is becoming increasingly permanent, and the material traces are becoming commonplace: we are witnessing its gradual socialization. Nevertheless, the study of the spatial configuration of the coastal sea reveals, at all scales, a complex and differentiated territorial structure. As a privileged space and time, the territorial systemogenesis in the coastal sea should allow us to reflect on a multifaceted crisis (fisheries, energy, space, etc.) which would condition the speed of pioneering progress and explain the disparities of the pioneering phenomenon. ","2003"
"0","1","0","0","Evolution of a cross-border production space: one system or several?","Alexandre Moine","The spatial organization of a territory owes much to history, to the many actors whose destinies have intersected there, and who, through their decisions, have radically shaped its evolution. In the context of a cross-border territory, the situation becomes even more complex, since the differences created by the state border have weighed, and continue to weigh, on its future. What remains today is a structure, but also, and above all, dynamics marked by past choices and turning points. We therefore address the question of how to represent these facts and the resulting territorial organization. We will trace the history of this territory and represent the systemogenesis of its current spatial structure. ","2003"
"0","1","0","0","Spatial reproduction, a geohistorical concept for approaching the Roman laboratory","Géraldine Djament","This article examines spatial change through a long-term geohistorical analysis of the so-called Eternal City. It begins by defining the concept of reproduction as a dialectic of sameness and otherness in various disciplines, before proposing its application to geography. Applying the concept of spatial reproduction, akin to resilience, to the Roman spatial system involves identifying shifts in urban centrality and studying territorial transitions, particularly the transformation of the religious world-city into the capital of the Italian nation-state. This presentation reveals a veritable &quot;Roman spatial strategy,&quot; and outlines the lessons learned from the Roman experience: continuity and discontinuity form a relative and inseparable pair, useful for dividing time and space. The discussion concludes with a plea for geohistory. ","2003"
"1","0","1","0","Spatial characteristics and automobile pollution in mountainous areas. Diffusion model integrating topography and dispersion capacity applied to the Pyrenean valleys of Biriatou and Aspe (Somport).","Gaëlle Deletraz","The aim of this work is to assess the impact of nitrogen pollution from transport on mountain ecosystems. Two Pyrenean valleys were chosen as study sites: the Biriatou site (A63), which is relatively flat, and the Aspe Valley (RN134), which is very narrow and steep-sided, to establish a baseline before the opening of the Somport Tunnel. The pollutant selected for this study is nitrogen dioxide (NO2) because it contributes – along with other nitrogen pollutants – to the acidification and eutrophication of water and soil. The study focuses on two aspects: the dispersion capacity of the different sites and the quantification/spatial mapping of the pollution and associated risks. ","2003"
"0","1","0","0","The forest facing storm risk: towards further contributions from spatial analysis","Joël Boulier, Claude Grasland","Following the storms of December 1999, numerous studies were launched to better understand the impact and behavior of storms in forest environments. The answers provided often focus on the affected stand itself, whether at the individual tree level or at the stand level. However, little attention has been paid to the spatial environment of the affected areas. In this context, we propose a different approach to understanding storm behavior by introducing a strong spatial dimension to the analysis of storm risk and the sensitivity of forest stands. Spatial interaction methods appear to be promising avenues for resolving the problem. Two main lines of inquiry are explored: 1) by considering the direction of airflow, we seek to highlight the interaction between land use and affected areas, according to criteria of distance and the nature of the spatial interaction (potential approach, etc.); 2) Furthermore, we are also focusing our work on the interactions between damage and openings of structures (gaps and enclaves) such as paths, crossroads, roads, clearings… This ambitious program, in addition to its methodological proposals, also seeks to respond to a real expectation of forest stakeholders: can we protect ourselves against the risk of “storms”? ","2003"
"1","0","0","0","Use of radial analyses to quantify the local landscape scale. Application to the study of the spatio-temporal dynamics of the European water vole","Karine Berthier, Jean-Christophe Foltête, Brigitte Prieur, Jean-François Cosson","In landscape ecology, spatial scale is a key element for understanding the influence of spatial variability in the environment on ecological processes. To identify and assess these interactions, ecologists have adapted a wide variety of spatial analyses from other disciplines. In this study, we applied neighborhood analysis, used in soil science, to study a landscape according to spatial scale. This method allows us to identify the local scale of spatial patterns and their degree of heterogeneity through the analysis of radial curves. ","2003"
"1","0","0","0","Seismic and technological risks. Application to the Mulhouse urban area","Elise Beck, Michel Granet, Christiane Weber","The study of interactions between seismic and technological risks in urban areas pursues two objectives: the first is to gain a better understanding of seismic and technological risks in the region studied, and especially of the relationships between them. The second objective is to imagine catastrophic scenarios in order to assess the consequences of a disaster with a view to improving risk management. The Mulhouse metropolitan area (Haut-Rhin, France) is particularly well-suited to such a study because it is an industrial city exposed to technological and natural risks of various kinds (seismic risk, flooding, explosions, fires, pollution). ","2003"
"1","0","0","1","Evaluating the quality of an intercity transport service: The example of the regional rail network","Hervé Baptiste","The law of February 13, 1997, concerning the regionalization of rail transport, followed by the SRU law of 2000, as well as the LOADDT of 1999, have shifted the perception of transport infrastructure towards a more comprehensive intermodal approach that more fully considers the user&#39;s perspective. The quality of service offered by the transport network and an understanding of a user&#39;s complete journey have become two important entry points for assessing accessibility. By defining the advantages and limitations of several indicators, the aim is to critically examine &quot;traditional&quot; measures and then propose more original ones, based not only on a door-to-door and multimodal approach, but also incorporating timetables for public transport. Starting from &quot;best time&quot; or &quot;frequency&quot; type measures on examples at the national level, we introduce the notion of daily round trip, according to progressive levels of constraints, in order to be able to assess, at the regional level, the possible suitability of transport schedules with the user&#39;s lifestyle, or at least their presumed needs. ","2003"
"1","0","0","0","Urban morphology and pedestrian mobility. Identification of spatial configurations determining the local characteristics of pedestrian movement.","Mehdi Flitti, Arnaud Piombini","Pedestrian practices within urban areas remain poorly understood. To better understand this type of movement and thus contribute to its development, this article proposes to study the links between urban morphology and pedestrian mobility. This exploration is based on observing the spatial variations in average walking behaviors dictated by the configuration of the road network in each location. The level of analysis considered is that of the different road segments, where the attributes of pedestrian journeys are aggregated on the one hand, and indicators of urban morphology (network configuration, etc.) on the other. This correlation should allow us to identify spatial configurations that are more or less conducive to pedestrian traffic. ","2003"
"1","0","1","0","Density, cumulative population, and access time: Analysis of the relationship between urban morphology and access time in the Dijon urban area.","Cyril Enault","Conceived as early as 1951, Clark&#39;s model is now a benchmark in urban economics for modeling density. However, in 1972, René Bussière developed a new density model much better suited to population data and more capable of describing urban sprawl. Building on this model, Eric Tabourin and Alain Bonnafous, in 1994, proposed a new formalization adapted to both the city and the peri-urban area. This paper aims to test these standard models of urban economics, beginning by verifying the validity of Alonso&#39;s monocentric assumptions for Dijon. It is thus shown that the Clark or Bussière models cannot be applied uniformly across the space and that it is necessary to define sectors where the models are feasible. It is then considered that travel time is a much better descriptor than distance to the city center. A method for calculating speeds is developed to determine travel times to the city center. Based on these results, a model aims to demonstrate the non-linearity of time with respect to distance, which, in the event of replacing distance with time, contributes to a reformulation of the Clark and Bussière models. We can then spatialize the Bussière model according to access times, thus highlighting a new temporal break originating with Zahavi and his famous constancy of time budgets. ","2003"
"1","0","0","1","A multi-scale system for analyzing agrarian dynamics in the savannah zone of the far north of Cameroon","Eric Fotsing, Jean-Paul Cheylan, Wouter T. DeGroot, Peter H. Verburg","Agronomic and socio-economic studies at the farm level offer a distinct advantage for understanding the dynamics of agricultural systems. This is the most appropriate scale for identifying the structural elements of the agricultural system and analyzing its organizational logic and management practices. However, studies at the local level already reveal the limitations of these approaches, which are mostly sectoral and disciplinary in nature. Increasingly, experience shows that it is only at the small regional level, and even more so at the regional level, that certain key processes and more pronounced contrasts emerge in land-use systems and their productivity levels. Indeed, identifying appropriate levels of data analysis and representation, as well as developing multi-scale approaches, are becoming increasingly crucial in studies of natural and social systems. This article presents a multi-scale framework designed to analyze the spatial dynamics of the agrarian system in order to develop a model for projecting changes in land use. The spatial hierarchy of the framework is presented, and issues related to scaling methods are then addressed. ","2003"
"1","0","0","0","Learning German in eastern France: an approach at different geographical levels","Cécile Buxeda","This article presents the main theoretical and methodological questions encountered during our doctoral research. Through the study of German language learning, we examine the territorial consequences of the evolving functional nature of the Franco-German border on the greater eastern region of France. The forms of spatial expansion of this practice, studied at different scales, show that it is linked to the proximity of the political border but also reflects a certain persistence of the linguistic boundary. Analyzing language choice behaviors will also allow us to determine whether they are linked to other cross-border practices. To answer these questions, we will attempt to demonstrate the value of an analytical approach conducted at multiple levels of observation. ","2003"
"1","0","0","1","Mountain landscape and remote sensing. Integration of geomatics tools and digital data into the study of summer pasture landscapes (application to the Pyrenees)","Muriel Harguindéguy","In the Pyrenees, summer pastures are high-altitude grazing lands. Sensitive areas, undergoing rapid change, coveted and crucial to a fragile economy, they are receiving particular attention. In this context, a comprehensive understanding of these environments is more necessary than ever to carry out relevant assessments. These assessments require mapping of the environments over large areas. The acquisition of this information can be facilitated by the use of remote sensing, which allows for the production of thematic land-use maps from an applied perspective (maps of pastoral values, potential livestock density, etc.). Our objective is to propose a methodological approach to using radiometric (SPOT XS-P) and topographic (DEM and derived data) information to map – in terms of probabilities – landscape classes and their defining characteristics. It is based on the creation of a typology derived from a Correspondence Analysis (CA) and a Hierarchical Ascending Classification (HAC) performed using detailed field observations (an approach comparable to that of phytosociologists). This is a completely different approach from that of &quot;classic&quot; supervised classifications. To simplify, radiometric and topographic information is used to spatialize (in the sense of providing continuous coverage of) point-based observations whose resolution is lower than that of pixels. ","2003"
"0","0","0","1","Anamorphoses through pseudo-equivalent transformations. Application to thematic mapping","Patrice Langlois","We present a cartographic transformation that allows us to enlarge or shrink map areas based on the values of an associated descriptive variable. We aim for this transformation to have clearly defined spatial properties while producing visually acceptable results. To this end, we have defined a class of elementary polar functions that preserve areas except in the vicinity of the deformation pole; this is the pseudo-equivalence property. We then define a combination operation for these elementary transformations, &quot;progressive composition,&quot; which is commutative (i.e., independent of the order in which the elementary transformations are applied) and preserves the pseudo-equivalence property. Finally, we present several thematic maps deformed so that the area sizes become proportional to the associated descriptive values. We analyze the advantages and disadvantages of the different function choices considered. ","2003"
"0","1","0","0","Towards highlighting a spatial differentiation of household waste collection sectors. Application to the city of Grenoble","Nicolas Perrin","Waste management is a growing concern for local authorities, citizens, and businesses. Given the complexity of this issue (multiple schemes and models for household waste management depending on the area, a multitude of stakeholders, and varying scales of action), a more comprehensive approach is necessary. This article will address a recurring information need for waste collection managers: a detailed analysis of household waste collection sectors. Managers seek to streamline and optimize production factors to control waste collection costs. To do this, they need to understand the actual performance of teams in relation to the routes they follow, hence the importance of defining common, accurate, and precise parameters to characterize these routes. However, collection sectors differ from one another and each has its own specific constraints (varying population sizes, distinct percentages of single-family and multi-family housing, number of businesses served, etc.). The aim is to use &quot;fine and rigorous&quot; indicators as well as various socio-economic data to best characterize household waste collection sectors in a GIS. ","2003"
"0","1","0","0","Methodology for the sustainable management of headwaters. From comprehensive watershed analysis to ecological diagnosis of stream systems.","Raphaël Berthold","The new approach to aquatic environment management, embodied in the Water Act of January 3, 1992, and the Water Management and Development Master Plans, necessitates the implementation of methods for more effectively assessing the integrity of these environments. The Ministry of the Environment and the Water Agencies have reconsidered the quality assessment frameworks used in recent decades. The aim is now to evaluate the state of watercourses based on three components: chemical and organic pollutants (Water Quality Assessment System - SEQ-Eau), physical disturbances that destabilize the structure and functioning of watercourses (Physical Quality Assessment System - SEQ-Physique), and finally, biological quality (Biological Quality Assessment System - SEQ-Bio) through bioindicators. However, apart from the Water Quality Assessment System (SEQ-Eau), most of these assessment systems are not operational and are primarily suited to rivers. The objective of this article is to propose a method for assessing the ecological integrity of streams. Its objective is to highlight the influence of human and natural factors on the development of a species of high heritage value: the native brown trout. The value of this approach lies in proposing an assessment system that integrates both biological (Fish Index) and physical (habitat) components in order to evaluate the functional status of these small organisms. ","2003"
"1","0","0","1","M&#39;Géofoot: software to illustrate the relationship between sport and territory","Frédéric Grosjean, Alexandre Moine","Today, the stakeholders in sports are numerous, their development strategies closely intertwined, and the informational resources available for analysis are completely scattered. The challenge of harmonizing the diverse data that describe sports has become crucial. Here, we present the approach to establishing a football observatory (MGéO&#39;FOOT) designed to better manage, organize, and understand the evolution of football within a regional framework. This observatory is being implemented in the Franche-Comté region. ","2003"
"1","0","0","1","A multi-criteria methodological approach for analyzing a specific event within a long-term timeframe. Application to the evolution of infrastructure and equipment for the Winter Olympic Games in the Alps.","Jocelin Sébastiani","To secure the Olympic Games, cities and nations periodically compete in projects that extend far beyond the sporting arena itself: architectural designs for facilities, site development and redevelopment projects, urban development projects, and more. The various facilities built for the Games act as significant drivers of local urban development, transforming the landscape and changing how people use and perceive their living space. We will examine the methods and indicators that can be used to analyze the Olympic phenomenon across five countries in the Alpine region. These are all issues of interest to geographers, given the significant impact the Olympic Games have on a region and a city, leaving a lasting mark on the landscape. ","2003"
"0","0","1","0","Contribution of Aladin data to the tropospheric ozone forecast in Burgundy","Marie-Laure Houze, Pascale Chevrand, Yves Richard","The Regional Climate Change Centre (CRC) and the air quality monitoring networks ATMOSF&#39;air Bourgogne Centre-Nord and Sud are developing a forecasting tool for the aftermath of tropospheric ozone pollution. The objective is to predict daily peak concentrations using statistical models that can be used by the networks. These models consider ozone precursors, measured on the day the forecast is made, and the meteorological conditions of that day. The first step was to study the predictability of ozone based on meteorological observations, or &quot;perfect weather forecasts.&quot; The second step was to produce actual forecasts. These incorporate meteorological forecasts, which are inherently imperfect: data from the ALADIN numerical model (Limited Area, Dynamic Adaptation, International Development) from Météo-France, with 27- and 36-hour lead times. Forecast performance is higher than predictability performance: the meteorological forecasts from the numerical model are therefore more informative, from an operational point of view, than in-situ measurements. Indeed, modeling compensates for certain shortcomings of observation: in Burgundy, the absence of radiosonde soundings makes it impossible to know the vertical stratification of the atmosphere, a very important parameter with regard to tropospheric ozone concentrations. ","2003"
"1","0","1","0","The use of climate datasets on general atmospheric circulation models. Concepts, methods and application to the climatology of the South African region","Nicolas Fauchereau, Yves Richard","Long-term simulation series using General Atmospheric Circulation (GAC) models—performed by the atmospheric physics community—provide climate geographers with valuable information on climate variability, complementing the analysis of observed series. The study presented here is based on a set of eight long-term simulations (from 1948 to 1997) performed on the French GAC model ARPEGE Climat - Version 3 (National Center for Meteorological Research). These simulations use solar energy and Sea Surface Temperature fields as boundary conditions. Sea Surface Temperatures vary according to monthly observations and are therefore the primary source of interannual variability in atmospheric forcing. The main concepts (forced atmospheric variability versus internal or &quot;chaotic&quot; variability, and atmospheric predictability) are first explained. The statistical methods used (Analysis of Variance and Extended Principal Component Analysis) are then briefly presented. The example given relates to the study of the variability and predictability of rainfall in Southern Africa. ","2003"
"1","0","1","0","Towards a dynamic model of residential mobility: development in Bogota","Marie Piron, Françoise Dureau, Christian Mullon","Within the framework of a research program on spatial mobility and territorial transformations in Bogotá, the capital of Colombia, we aim to dynamically model intra-urban residential mobility and changes in the housing stock. We propose to develop, using game theory, an economic model based on the housing market and, more specifically, on a spatial equilibrium between the advantages and costs of relocating: households seek housing based on the attractiveness of different urban sectors (location, housing stock composition). We combine this model with a demographic model that takes into account the evolution and changes in population and housing stock. To this end, we consider homogeneous groups of households and dwellings. These groups are obtained from typological analyses performed on census data and are geographically defined. We therefore adopt an approach intermediate between the spatial and individual approaches classically used in the development of dynamic urban models. ","2003"
"0","1","0","0","Landscape representations: what perspectives for planning?","Catherine Caille-Catin","Landscape is produced by a community of people who do not necessarily share the same vision for it. Therefore, the perceptions of the various stakeholders—planners, decision-makers, or users—influence how landscape is considered in land-use planning projects. The multiplicity of these perceptions hinders the dialogue that should take place between them when they develop these projects together; however, building consensus is essential. This article will first present an overview of the difficulties that may be encountered, and then, secondly, the methodological approaches used to study landscape perceptions and how they are constructed, in order to understand the factors that influence the choices and practices of these stakeholders regarding landscape management. The analyses will subsequently lead to strategies for improving the integration of landscape considerations into land-use planning operations by these different stakeholders. ","2003"
"0","1","0","0","Tourist areas represented: a proposed analysis","Céline Tritz","The development of the leisure society undoubtedly explains the interest geographers have shown in tourist spaces. Spaces as both produced and consumed, their functional approach has already been well studied. Our predecessors have already developed numerous partial models, for example, to understand the spatial organization of a seaside resort and the diffusion of tourism on a small scale. Alongside this well-studied functional geography, we propose to incorporate a geography of the tourist image. This image-space, approached from the perspective of media coverage, is central to our work. We have chosen a medium for analysis—the tourist guide—and a specific area of study—the Mediterranean arc. We prioritize a spatial approach to media coverage, focusing on its spatial structures. Based on the literal content of the guides, several databases have been created. From this data and by creating images from their spatialization, the use of various spatial analysis methods makes it possible to reveal the spatial structures of places as described by the authors of tourist guides. ","2003"
"1","0","0","0","Museums of the Great War and territorial identity in Picardy: the petrified territories","Anne Hertzog","This article contributes to the geographical analysis of sites of memory, a concept now established in the social sciences but little explored by geographers. It offers an analysis of the spatial dimension of the commemoration of the First World War in Picardy, a region traversed by the front from 1914 to 1918 and the scene of fierce fighting. The approach is comparative: the networks of sites of memory vary in scope and form in each department. This is explained by the different strategies of the actors involved in their structuring: local, national, and also foreign actors, as Picardy is now an international site of memory. A comparison of three foreign museums built in the Somme department will allow for an analysis of the establishment of transnational networks whose organization is reminiscent of diasporic phenomena. Finally, the role of landscape in the transmission of memory will be examined. ","2003"
"0","1","0","0","Travel and landscape: a meeting of images","Lucie Fontaine","By its very nature, a journey unfolds within a landscape, but the relationship between landscape and travel is more complex than simply traversing a space. Before setting off, we dream of our trip; once there, we encounter a space; and upon returning, only memories remain. According to J.-D. Urbain, the desire to travel is defined by three models of representation into which the traveler projects themselves; the one that particularly interests us here is that of the “space of travel” or “model of the world,” of which the landscape, the visible form of the territory, then becomes the “sign.” By measuring the gap between representations, perceptions, and the reality of a landscape, we can identify the landscape motifs that guide the choice of a journey and thus try to grasp their importance within these “models of the world.” ","2003"
"0","1","0","0","Virtual landscapes and territorial projects","Sandrine Alinat","Landscape modeling appears as an attractive method for facilitating the involvement of local stakeholders. Realistic, aesthetically pleasing landscape representations are a key factor in decision-making for development projects. However, they are sometimes poorly suited to validating territorial scenarios. The example of a forest expansion project will allow us to examine the relevance and applicability of these new IT tools used to support negotiation and decision-making in territorial development projects. ","2003"
"1","0","0","1","Functionality and vulnerability of transport networks. The case of the Paris metro","Jean-François Gleyze","Natural and man-made disasters threaten to damage transport networks, not only structurally but also functionally by causing disruptions through diversions. In this context, we chose to study the operation of the Paris metro network in both normal and damaged modes. First, we define and quantify the network&#39;s efficiency for its assigned role. We then characterize the functional role of the network&#39;s various components in normal operating mode. Based on this study, we finally consider the possibility of disasters and examine the network&#39;s potential in terms of alternative routes, firstly using a synthetic index derived from transport research, and secondly, within the context of specific damage scenarios. The conclusions of this work shed light on the network&#39;s operation from a risk prevention perspective. ","2003"
"1","0","0","0","Scalar and temporal dynamics of port cities. A global typology of 330 urban-port trajectories, 1990-2000","César Ducruet","Based on an analysis of extensive literature, this research aims to highlight the complex transformations occurring in port cities worldwide. In a context of ongoing restructuring of containerized maritime transport and continental shipping routes, the increased mobility of flows appears to be increasingly at odds with urban dynamics at multiple simultaneous geographical levels. The creation of a global database covering more than three hundred hubs allows us to analyze the changes that have occurred in the recent period (1990-2000). The spatio-functional model of growing incompatibility between urban and port functions is thus qualified by the results of a factor analysis of temporal variations, leading to a strong regional differentiation in port city trajectories. ","2005"
"0","0","1","0","Locoregional analysis model of energy systems","Khaled Ibrahim, Marie-Hélène De Sède-Marceau","The major challenge facing all actors in the energy system today is to account for the simultaneously contradictory relationships between globalization and decentralization, on the one hand, and between socio-economic development and sustainable development, on the other. This challenge must be addressed through a comprehensive approach, the only one capable of grasping the full complexity of the problem, induced by the interactions of socio-economic, political, technological, and environmental factors. This approach must be conducted by situating the energy system within a territorial framework that allows for understanding the logic and spatial implications of the system&#39;s various components. In this sense, a systemic model of a territorial energy system is proposed. This results in two levels of representation and analysis: first, an organizational and evolutionary diagram representing the energy system as a set of interacting elements (content) within a spatio-temporal framework (container); Next, an energy system analysis grid is developed, combining two approaches: a local/regional territorial approach (from the local to the regional level) and dynamic analysis. Based on this grid, a methodological framework is proposed for developing a dynamic information and simulation system for territorial energy systems at the local/regional scale, the outlines of which we have defined in terms of architecture and formalization methods. ","2005"
"1","0","0","0","How to assess and represent the change in Bogotá&#39;s social structure? Levels of observation in the analysis of change","Marie Piron","The aim of this study is to analyze the structural changes in the social composition of Bogotá between 1973 and 1993 and to examine how these changes are spatially organized. To this end, we propose using multidimensional exploratory analysis tools and conduct a comparative analysis of partition hierarchies at different dates. This offers several advantages. First, because these tools are robust and well-suited to highlighting the city&#39;s social forms, even a minor change in structures between two dates appears significant and meaningful. Second, it allows us to progressively observe the changes in Bogotá&#39;s social composition; comparing the typologies for the two years, using different levels of granularity, reveals how social forms are modified, persist, disappear, or emerge over the study period. The method is qualitative and demonstrates how the analysis of changes in social structure depends on the level of observation. ","2005"
"1","0","0","0","Measuring urban &quot;cultural potential&quot;","Françoise Lucchini","This research sheds light on the collective cultural forms perceptible in contemporary society: a &quot;culture in the plural,&quot; opening up possible practices for individuals. The constructivist approach employed leads to an evaluation of the cultural offerings available to city dwellers. These offerings comprise various cultural and artistic services and facilities present in cities, as well as specialized education, both academic and more accessible. The geographical configurations of this cultural system, the divergent or similar political strategies, and the cultural hubs are thus observed in France, the United Kingdom, and Quebec—that is, in different national political contexts—to test the robustness of the &quot;global cultural system&quot; that emerges. A multi-scalar investigation is proposed. Ultimately, a simple and transferable measure of the cultural offerings within urban neighborhoods is presented. This cultural potential is calculated based on an urban grid. The resulting map of &quot;cultural potential&quot; reveals the existence of different cultural poles, or &quot;centers of gravity&quot; of this spatial phenomenon, i.e. of the distribution of cultural offerings in the city in quantity and variety. ","2005"
"1","0","0","0","Analysis and assessment of flood vulnerability in the lower Orge basin","Bruno Barroca, Nathalie Pottier, Emilie Lefort","This article presents the development of a vulnerability assessment tool for flooding a tributary of the Seine upstream of Paris and its application to the urbanized part of the catchment area. The reflections presented stem from an exploratory approach based on extensive literature review preceding field studies and interviews with key local stakeholders. The assessment tool developed allows for the analysis and evaluation of local vulnerability to urban flooding according to several factors: hazard vulnerability (1), population vulnerability (2), building vulnerability (3), land use vulnerability (4), and crisis management vulnerability (5). Each of these five factors is analyzed and assessed using a grid that allows for the development of vulnerability indicators based on detailed lists of criteria. These grids, developed in consultation with practitioners and risk managers, constitute a decision-making tool within the framework of integrated management of urban areas subject to flooding. The emphasis is placed on the methodological aspect of the tool and not on the results specific to the site studied (the lower Orge site). ","2005"
"1","0","0","0","Automatic detection and mapping of rural villages in developing countries using remote sensing and spatial analysis","Nicolas Devaux","Large-scale mapping data relating to population distribution, such as the individual location of dwellings, is essential for many land-use planning projects. However, its availability is virtually nonexistent in rural areas of developing countries, where existing mapping data is over fifty years old and rarely exceeds a scale of 1:50,000. Decentralized rural electrification (DRE), carried out by ADEME and EDF in developing countries, is an example of a local development project that requires the precise location of dwellings to make informed technical decisions. The advent of high spatial resolution (HRS) and very high spatial resolution (VHSR) satellite data can provide alternatives to the current situation by producing up-to-date mapping data at scales that meet specific needs. However, the automation of data processing necessitates the adoption of new methods to overcome the limitations of purely radiometric approaches. The spatial approach, by emphasizing the consideration of the spatial organization of the areas studied through automated classification processes, yields promising results. This article proposes a development of the methodological approach and its application to the delimitation of villages in the Far North region of Cameroon. ","2005"
"0","0","0","1","The solid angle, a tool for reading the landscape","Jean Duchesne, Vincent Bouvier, Céline Dreyer","The research presented here focuses on studying the relationship between the quantification of geometric parameters through the measurement of solid angles (easily linked to the concepts of visual screen and gap) and the interpretation of the landscape. This approach considers the three dimensions of space. The concept of solid angle can be proposed as a tool for analyzing landscape forms. The solid angle corresponds to the measurement of the projection of an object&#39;s shape onto a sphere from a given observation point. The article first clarifies the context in which such a tool can be used and explains the concept of solid angle. Second, it presents the calculation methods in relation to some principles of spherical trigonometry, using two measurement methods: one with an in-situ theodolite and the other from two-dimensional photographs of the landscape. Third, a discussion considers the relevance and future prospects of such an approach. ","2005"
"1","0","1","0","Moving through the landscape. An attempt to model visibility from the roads of Franche-Comté.","Sébastien Nageleisen","There are multiple meanings of the term and concept of landscape, and consequently, multiple methods for studying it. Geographers typically approach landscape in its entirety, treating each point in space as a potentially visible landscape. This conception distances them from the usual practices of those who use the space. Indeed, these users discover and experience landscape through various routes and modes of travel, which define a succession of images based on the panoramas and viewpoints offered. Given this observation, it is worthwhile to reintroduce, into the geographical approach, the terms of landscape discovery as they result from the everyday practices of users. This formalization, which considers only the potential for visibility rather than the phenomena of perception, can be developed on reasoned and experimental grounds, thanks to the resources offered by computer data. This article represents only a small part of a much larger project that essentially combines two methodologies: GIS visibility analysis and image bank analysis. The article focuses solely on the former, applied to analyzing the visibility potential of roads in the Franche-Comté region. ","2005"
"1","0","0","0","Oblique terrestrial photography for environmental monitoring in the Arctic environment (webcam of the Zeppelin Fjellet, 79°N, Spitsbergen)","Madeleine Griselin, Sébastien Nageleisen, Serge Ormaux, Kim Holmén, Dominique Laffly","Oblique photography taken from the Earth&#39;s surface can become a complementary tool to the projection imagery (aerial photography and satellite imagery) typically used in remote sensing. For a relatively low implementation cost, it allows for environmental monitoring at particularly fine spatial and temporal scales, despite the low image resolution. In the Arctic, standard meteorological data poorly capture the dynamics of snow and sea ice. Yet, these are two fundamental components of the polar environment that can be understood from a landscape perspective. Since May 2000, a webcam has been installed on the Zeppelin Fjellet (78°53&#39;N, 11°53&#39;E, 474 m altitude). For over four years, it has provided 24 images per day, offering a panoramic view of King&#39;s Bay and the Ny Ålesund station. The 36,000 images in this collection represent a considerable source of information—freely available online—on a region particularly responsive to global change. While the orthorectified images allow for surface area assessments, the raw images offer a wealth of information regarding the foreground features (sandur and fjord). The image bank allows for the identification of snow and sea ice cover types. These types occur over time in sequences exhibiting significant interannual variability, which can be correlated with meteorological data (air temperature, precipitation, wind speed and direction). Ultimately, we plan to use a network of digital cameras connected to intervalometers that will automatically provide extensive data specifically for analyzing particular phenomena. Thanks to a dozen photographic stations installed on a small frozen basin (Loven East), it will be possible to extract quantitative information about the snowpack from the oblique image and thus deduce the water depth corresponding to the melting over the 10 km2 basin. ","2005"
"0","1","0","0","Interaction patterns in multi-agent systems","Benoît Glisse","Interactions play a crucial role in the dynamics of multi-agent systems. Modelers need to create interaction mechanisms that reflect their knowledge and assumptions in order to build their models. However, the available options are virtually endless, especially since similarity between the interactional model and the observed environment is rarely an end in itself. This similarity stems either from a deliberate modeling choice or from the impossibility of obtaining a simulation. The problem of choosing an appropriate representation poses a significant challenge to the use of multi-agent systems. This article aims to highlight the richness of interactional models for multi-agent systems and to situate them within the broader context of the modeling process. From this perspective, the organizational role of interactional models will first be discussed through various general solutions and then detailed with a few examples. ","2005"
"0","1","0","0","Towards a geography of interspatiality: The Roman example","Géraldine Djament","This article proposes a transfer of the literary notion of intertextuality to geography. The example of the pilgrimage to the Seven Churches, borrowed from Counter-Reformation Rome, shows that a reference to another space can structure the practice of a space: the journey around Rome is doubled by an imaginary journey around Christendom and Jerusalem. The notion of interspatiality allows us to theorize such a practice. Just as intertextuality has revealed the dialogic dimension of each text, interspatiality represents a new type of spatial interaction, belonging to the domain of spatial representations. From this perspective, modern Rome is presented as a laboratory of interspatiality. It uses numerous spatial references and also constitutes a space of reference for other cities: it proves to be at the center of a complex interspatial system. Finally, this article calls for a generalization by outlining a classification of interspatialities and by questioning the functions – in particular of legitimation – of such cospatiality. ","2005"
"0","1","0","0","The territory as a complex system. Tools for planning and geography","Alexandre Moine","Territories are now at the forefront, under pressure to provide socio-economic development solutions or a coherent image of the places they encompass. We are witnessing a widespread use of the concept that everything is territory; and concepts covering other realities are imperceptibly shifting towards this now very general notion, which represents everything and nothing at the same time. We therefore wanted to revisit it from a systemic perspective, in order to produce an operational definition that allows us to reposition territory in relation to geographical space. The defined territory is thus placed back at the heart of complexity. ","2005"
"0","1","0","0","The dilemma of the spatially confined prisoner. Application to territorial cooperation","Michel Bussi, Eric Daudé","Territorial cooperation has become a major issue in spatial planning and development policies. Spatial planning is now less of an authoritarian, top-down process and more of an incentive for emerging cooperation among local territories, which are encouraged to work together within relevant boundaries. Examples include the additionality of funding for infrastructure projects between local authorities, the increasing use of territorial contracts, and the development of inter-municipal cooperation with its own tax base. However, the assumption of spontaneous cooperation between territories may seem utopian, since every decision-maker, even if altruistic, will primarily act in the best interests of the territory they represent. Territorial cooperation only appears truly credible within a &quot;win-win&quot; strategy. The question thus posed &quot;why would territories cooperate in a context of competitive economy between territories?&quot; clearly refers to the work of Robert Axelrod (1984) on theories of cooperative behavior, and more generally on the reflections of game theory around the &quot;prisoner&#39;s dilemma&quot;.","2005"
"1","0","1","0","Territorial development and post-Fordism: What are the implications for employment in Switzerland?","Christophe Mager","This paper proposes an analytical framework that can help interpret employment trends in Switzerland between 1985 and 2001, based on the post-Fordist hypothesis that the most economically successful regions are now those capable of mobilizing endogenous resources, irreducible to a single productive structure, referred to as &quot;regional effects&quot; (local culture, formal and informal institutions, relational capital, interconnections, etc.) (Amin, 2003; Fontan, 2003). The econometric model of R. Marimoni and F. Zilibotti (1998) will be used to identify in which employment areas and for which industrial and service sector activities these regional effects were most significant. The analyses will allow for: the identification of a set of regions potentially generating regional best practices to be analyzed in more detail (local production systems, governance, etc.); and the identification, for each region analyzed, of the sectors in which these best practices could be effective. We will conclude, based on the results obtained, by questioning, on the one hand, the relevance, in Switzerland, of the post-Fordist hypothesis according to which the current capitalist development model seeks a spatiality of its own reflecting its internal relations and favouring metropolitan spaces and, on the other hand, its innovative character in relation to traditional approaches to spatial economics (Krugman, 1998). ","2005"
"1","0","0","0","Analysis of the spatial distribution of ozone concentrations in Burgundy. Preliminary results","Marie-Laure Houze, Thierry Castel, Yves Richard","A campaign to measure tropospheric ozone using passive scattering tubes was conducted in August 2000 across the entire Burgundy region to better understand the spatial distribution of concentrations at the regional scale. As expected, the results showed different daytime and nighttime ozone concentrations. This day/night variability appears to be associated with a superposition of signals with different spatial and temporal scales. As a first approximation, we considered the ozone concentrations measured in the region as the sum of several signals of different frequencies: a &quot;low-frequency&quot;—or background—signal, which we sought to eliminate in order to focus on the high-frequency signal of local origin—i.e., the residual signal. The spatial correlation of this residual value was then characterized by the calculation and modeling of experimental semi-variograms. The preliminary analysis and interpretation of this structure were finally conducted using a GIS, by combining different layers of information on surface properties and atmospheric states across the entire air column. The results show, for certain dates, the predominance of dispersive effects on the spatial distribution of ozone concentrations. These effects are strongly modulated according to the configurations (atmospheric states and concentration levels) by surface properties (roughness). ","2005"
"0","0","1","1","Exploring the effect of different types of mobility on the spread of epidemics","Eric Daudé, Emmanuel Eliot","Few studies consider the spread of disease through the lens of mobility behaviors, which are fundamental epidemiogenic factors. Indeed, human vectors exhibit different mobility behaviors that can have varying effects on the configuration of epidemics. Here, several types of mobility are tested. These consider not only the forms of circulation (linear, circular) but also its rhythms (with or without stops). To explore the behavior of these hypotheses and their impact on the dynamics of propagation, different agent-based models are implemented and subjected to simulation. ","2005"
"1","0","0","0","The origins of seaside urbanization on the southern Breton or Vendée coast","Johan Vincent","For some authors, the seafront risks becoming nothing more than a line of houses and apartment buildings, due to rampant speculation along the shoreline. However, this debate about urbanization is not new; it even arose following the urbanization of the coastline in 19th-century France. Investing on the coast at that time was a risky undertaking. Reflecting on the motivations for settling on the coast of southern Brittany and the Vendée region helps us understand the mechanisms that created the coastline as we know it today. The arrival of a new population driven by a new trend, the transformation and accessibility of the shoreline that made this territory viable—several steps were necessary before urbanization became possible. ","2005"
"0","0","0","1","Landscape iconography and knowledge about landscapes: A methodological proposal for evaluating landscape representations disseminated by landscape atlases to stakeholders in land-use planning.","Catherine Caille-Catin","Landscape atlases were conceived as early as 1994 as potential tools for landscape knowledge. Their authors inventory and analyze regional landscapes. Decision-making can thus be facilitated by processing the information contained in the atlas. The images (texts, photographs, maps, sketches, etc.), as representations of the landscapes they comprise, reveal and enrich social representations of the landscape through the nature of the information disclosed, thereby promoting certain landscape approaches. The visual images and texts contained in landscape atlases therefore generate mental landscape representations for planning stakeholders that echo their initial representations. These initial representations are developed through their various experiences—individual, professional, etc.—and constitute a repertoire of more or less elaborate concepts upon which stakeholders will interpret and filter the information necessary for the landscape knowledge they need to design planning projects. The choice of iconographic and textual information thus appears paramount for the design of landscape atlases. Observing and analyzing the landscape knowledge tools available to land-use planning stakeholders will allow us to identify the specific features highlighted by various project owners and managers in landscape atlases. This research will reveal diverse communication strategies employed by these stakeholders. Our presentation will outline the methodological protocol for this study and the analyses conducted.","2005"
"0","0","0","1","Landscape perception surveys using photographs: Methodological choices and examples in a riverine environment","Yves-François Le Lay, Hervé Piegay, Mélanie Cossin","Numerous landscape perception surveys have been conducted using ground-level photographs. A literature review presents the different paradigms within which these surveys have been carried out. Methodological options are then presented to clarify the justification for using photographs and to explain how to construct a photo-questionnaire. The number of photographs and their selection are discussed. The value of different attitude scales (notably the Likert scale and the visual analog scale) is also addressed. Furthermore, the results of three surveys illustrate the relevance of these approaches, highlighting their strengths and limitations. These surveys were conducted on river landscapes, focused on evaluating planning policies, and carried out within the framework of psychophysical and cognitive paradigms. Overall, the aim is to elucidate the contribution of such surveys to the work of managers in terms of decision-making, as they allow for the exploration of modeling and the anticipation of reactions based on the structuring elements of landscapes. ","2005"
"1","0","0","1","Cognitive representations of urban space among adolescents: A first methodological approach to age-related disparities","Kaira Hamza","Cognitive representations of space are internalized mental entities constructed by individuals in relation to their interactions with the environment. The result of numerous mental and dynamic processes, they are not static and differ from one individual to another. This article presents the cognitive representations that adolescents aged 12 to 18 have of the city of Belfort, a test city. More specifically, it addresses the disparities observed in representations of urban space at different ages of adolescence. The article presents the entire methodological approach implemented to study these disparities: from the formulation of the hypothesis, which stipulates that cognitive representations of urban space vary among adolescents according to age, to the analysis of the results. ","2005"
"0","0","1","0","Proposal for spatial modeling and formalization of on-demand transport (TAD)","Elodie Castex","Demand-responsive transport (DRT) is a form of public ground transport &quot;that combines the advantages of public transport and private vehicles&quot; (Banos &amp; Josselin, 1999). Since the late 1990s, the number of DRT services has been steadily increasing. This development has been accompanied by a diversification of operating and organizational structures across a variety of territories, from dense urban areas to isolated rural areas, at both the municipal and departmental levels. Consequently, it has become difficult to establish a representative typology of these services. In order to create a reliable classification of the different DRT systems, this article proposes to examine a little-studied aspect of DRT: its spatial dimension. To this end, we propose a method for describing forms of spatial service based on territorial organization, the origins and destinations of journeys, and service constraints. ","2005"
"1","0","1","0","The construction of theoretical votes. An application of the Johnston model to the results of the first round of the 2002 presidential elections.","Céline Colange","In a context often characterized by the &quot;nationalization&quot; of voting behavior, maps of the geography of votes following the first round of the 2002 presidential election reveal a clear reorganization of vote distribution. A misalignment along traditional regional or sociological lines has given way to a partisan realignment linked to the rural-urban divide. This article emphasizes the strong socio-spatial structuring of votes, particularly votes for new parties, using Johnston&#39;s model, which combines ecological and qualitative data. Similarly, through a novel methodology that reconstructs votes based on distance from urban areas, this research demonstrates the impact of the urban gradient as an explanatory factor in voting behavior—a factor that remains predominant even after controlling for the effects of social structure. This analysis also offers some avenues for reflection on understanding the territorialization of the far-right vote, which intensified in peri-urban areas. The peri-urban area now appears as a new spatial component that must be taken into consideration. ","2005"
"1","0","0","1","Local indicators of spatial association (LISA) as a method of regionalization. An application in India","Sébastien Oliveau","In India, census data are of sufficiently high quality to allow for a detailed geographical approach to socio-economic phenomena at the municipal level. However, the significant variability of the data at this scale, as well as the large number of units to consider, makes it difficult to present synthetic results that would highlight the major structures of the studied area. Our objective is to present a solution that, to use Gould&#39;s expression, &quot;lets the data speak for themselves.&quot; This involves revealing regional trends while preserving the detail of the municipal data. To achieve this, we use local spatial autocorrelation indices that allow us to measure the similarities (and dissimilarities) between neighboring areas. Local spatial association indicators (LISA), developed by Luc Anselin (1995), allow us to measure the degree of resemblance between a spatial unit and its neighbors. This approach allows us to reveal regional trends while preserving local values, that is, to maintain information about the internal heterogeneity of these areas. Our presentation will first introduce LISAs (Local Area Statistics) from a statistical perspective, a necessary step to understand how these indicators function and the inherent limitations of their construction. We will then propose an application where we use these indicators to create an original spatial division of Tamil Nadu. This state, located in southeastern India, currently has over 62 million inhabitants spread across more than 16,000 municipalities, providing a remarkable framework for testing the effectiveness of this method. ","2005"
"1","0","0","1","Uncertainty in a climate data spatialization process","Rémi Lhotellier","In the process of spatializing climate data from point measurements, it is necessary to consider all levels of imprecision and uncertainty inherent in each stage of the modeling, from the measurement itself to the validity of the resulting field. The working context—namely, the type of data used, the scale of the study, and the terrain&#39;s topography—must highlight the cumulative uncertainties within this process, as well as allow for their quantification and mapping. Every thematic map must therefore be accompanied by a quality of estimation map. The case presented here concerns the spatialization of air temperature in four predominantly Alpine French departments.","2007"
"0","0","0","1","The urban hydrological graph: structuring data to determine the flow of water in the city","Aleksandra Barczak","Stormwater runoff is among the urban hazards with a strong anthropogenic component. This paper aims to contribute to the assessment of runoff hazard through an analysis of a basic hydrological process: the path of water from the points where it falls on the surface of the catchment to its outlet. To trace the path of water through the city, a procedure for constructing an urban hydrological graph will be proposed. Through network analysis, we will be able to describe the path of water in three dimensions, taking into account the formation of runoff on urban or natural surfaces, runoff concentrated on slopes and roads, and finally its underground path before reaching the receiving environment. The spatial information thus obtained will then be used to study various hydrological parameters, to analyze the morphology of the networks, and finally, it will serve as a basis for the development of a hydrological model.","2007"
"0","0","1","0","Probability of occurrence of a parasitic phenomenon and choice of logistic regression models","Florian Tolle, François Pierre Tourneux","Epidemiological processes are increasingly being addressed using spatial statistics and modeling tools. This work generally aims to highlight outbreaks and identify variables that can explain their presence. The binary nature of health data necessitates the implementation of specific methods such as binary logistic regression, which assigns each sample a probability of presence of the pathogen of interest. The subsequent classification of each sample requires choosing a probability threshold to define whether the observations are risky or not. The ROC method allows for the definition of this threshold and a precise understanding of the consequences of this choice. Using a point epidemiological database, several models were generated and tested. Landscape indices were derived in the environment of the points at three scales of analysis. The probabilities assigned to each sample by the models were spatially represented, providing a tool for interpreting the expected distribution of contaminated samples. The variables identified at these three scale levels led to the development of hypotheses regarding the landscape factors involved in epidemiological processes. The emergence of potential risk hotspots constitutes a first finding.","2007"
"1","0","0","0","Identification of domino effects following an earthquake. Application to the Mulhouse urban area","Élise Beck, Christiane Weber, Michel Granet","Risks in urban environments are a growing concern that warrants moving beyond single-sector studies that consider only one risk at a time. Indeed, given the domino effects observed in recent years, it is necessary to study risks from a comprehensive perspective and identify potential domino effects. In this research, our objective was to identify industrial accidents likely to occur following a major earthquake. Based on determining physical vulnerability to earthquakes and characterizing the function of buildings, this method was applied to the Mulhouse metropolitan area, which is exposed to seven hazards of varying natures. The results indicate that four accidents could occur following an earthquake; the worst-case scenario involves the release of toxic substances within a 130-meter radius of one of the buildings at an industrial site located in western Mulhouse. Thus, the effects would not reach the residential sector adjacent to the industrial site but would slightly exceed the site&#39;s footprint to the north.","2007"
"1","0","0","0","Urban cultural offerings in Europe: points of comparison","Virginie Cremades","This article summarizes the initial findings of a comparative study on urban cultural offerings in Europe. Adopting a broad definition of culture, the study examines these offerings through a non-exhaustive range of permanent (museums, etc.) and periodic (festivals, etc.) cultural facilities, as well as exceptional events (European Capital of Culture, etc.). The study focuses on 244 European urban areas with populations exceeding 200,000, located in the 27 countries of the European Union, Switzerland, and Norway. The aim of this research is to determine whether, in the current context of globalization, we are faced with a homogeneous or differentiated cultural offering in medium-sized and large European urban areas. It also explores the role of urban hierarchy and urban functions in shaping these offerings. Multivariate statistical analyses were performed on the collected data. The initial results show a link between the cultural offering (quantitative) and the urban hierarchy, but it is necessary to qualify this in terms of its diversity (qualitative).","2007"
"1","0","0","1","Methods of representing the daily trajectories of inhabitants - Exploration of spatio-temporal data","Elodie Cochey, Kamila Tabaka","Recent research on daily mobility has shown that individual mobility strategies are centered around activity schedules. In France, Household Travel Surveys (EMD) are one of the main sources of information on mobility behavior. Although these surveys were not designed to analyze activity schedules, they provide an important source of spatio-temporal data, but one that requires adaptation. This study is based on the Household Travel Survey conducted in the Grenoble region in 2002. We propose to explore the daily mobility of Grenoble residents by selecting a few individual examples to show how space and time are used in organizing activities throughout the day. To this end, three approaches will be used: the spatial approach, the temporal approach, and the spatio-temporal approach. We use a visualization tool called Traj&#39;Net, following a multidimensional exploratory analysis phase that allowed us to distinguish different profiles of daily mobility behavior. The three types of representation proposed are complementary and help to compare individuals&#39; uses of space and time. Furthermore, they raise new questions for future studies of spatiotemporal trajectories.","2007"
"1","0","0","1","Study of color contrasts to improve map readability - application to risk maps","Elisabeth Chesneau","Maps are designed and used in many fields (geography, history, economics, ecology, etc.). Some of the topics covered are particularly difficult to map, notably because the data is abundant and overlapping, as in risk maps. This often leads to maps that are difficult to read and therefore cumbersome to use. We propose to investigate the parameters that influence map readability, particularly the role of color. To this end, we choose an interdisciplinary approach (cartography, psychology, painting) which leads us to define two types of reference data: a color palette and a theory on their contrasts, that of the Swiss painter Itten. Given this knowledge base, a model for the automatic improvement of color contrasts in maps is created: through iterative cycles, the worst color contrasts in the map are improved. An ARiCo prototype, developed for risk maps, serves to validate our model.","2007"
"0","0","0","1","A new approach to proximity for optimal location studies","Marie-Noëlle Comin, Joël Boulier","Proximity is a relative concept and varies considerably from one geographical environment to another. Generally, the definition of proximity used in optimal location studies is that of the nearest supply site. Thus, location-allocation models, such as the p-median model, typically allocate the relevant population to the nearest supply site. In this article, we propose a relative approach to the concept of &quot;proximity&quot; in the field of optimal location, which amounts to defining it according to the specific spatial context of each demand point. To do this, we modify the demand allocation rule for supply sites by introducing a notion of a natural threshold specific to each demand point. This natural threshold represents a distinct jump in the order of distances to be traveled from a demand point to a supply site. However, this proximity approach remains a research avenue since it has not yet been rigorously validated, requiring real confrontation with reality, particularly through a meticulous study of users&#39; spatial behavior.","2007"
"0","0","1","0","The city as a potential for social interactions","Cyrille Genre-Grandpierre, David Perrussel-Morin","In this article, the city is defined as a potential for interaction, as a capacity to connect with others. This level of potential depends not only on population density (which explains why density is often associated with urbanity) but also on mobility capabilities. Therefore, we propose a functional, rather than morphological, exploration of urban and peri-urban spaces through the calculation of the potential for social interaction (PSI). Being in a city then means having a certain level of PSI in a given location, which can lead to an attempt at a functional delimitation of the urban. After defining PSI as the number of individuals with whom it is possible to connect within 20 minutes from a given point using a specific mode of transport, we examine the spatial and historical variations of PSI. These variations are then addressed from an economic perspective, as mobility capabilities are limited by individuals&#39; budgets. Finally, we seek to separate in the observed values of the PIS, the respective contribution of the population distribution and the road network, which leads us to the conclusion that the city is primarily made of speed rather than spatial configurations.","2007"
"0","0","1","0","Landscape postcards: a tool for territorial analysis","Jean-Baptiste Litot, Arnaud Piombini","The quintessential image of tourism, the landscape postcard, remains a relatively underutilized medium in the humanities and social sciences, and is even entirely absent from geography. Yet, as a privileged vehicle for conveying the image of a place within another, it can shed light on our understanding of the structure of tourist territories, their promotion, and the mechanisms involved in the spatial dissemination of images of tourist sites. Thus, we demonstrate the possibilities offered by this uncommon medium while identifying the factors influencing landscape mediation. To this end, we propose a statistical method for measuring and weighting the influence of the various factors tested. The results obtained reveal the essential role of seemingly obvious factors, such as the distance between tourist sites and points of sale, but other, less predictable factors also have a significant impact, such as the landscape itself.","2007"
"0","0","0","1","Identifying &quot;dominant variables&quot; in landscape organization: a multi-scale approach","Pierre-Olivier Mazagol","Managing a territory like the Hautes Chaumes du Forez, which possesses a certain uniqueness, requires a thorough understanding of the factors and processes that contribute to its organization. Here, we propose a methodology, centered on the Pegase process, highlighting the physical and anthropogenic variables that play a crucial role. Using the concept of spatial entropy, we demonstrate the importance of scale effects, and their consideration allows for the selection of these variables, which we call dominant.","2007"
"0","0","0","1","Delineation of morphological units using a multi-scale approach. Application to the morphological delineation of urban areas.","Cécile Tannier, Gilles Vuidel, Pierre Frankhauser","This article focuses on identifying the boundary of built-up areas, which we define as the limit of an area exhibiting a coherent spatial structure across different scales. We approach this question from a purely morphological perspective, within a multi-scale framework. After first establishing the research context, we present the methodological principles underlying the identification of the boundary of built-up areas. The first step of the methodology, namely the step-by-step expansion of the built-up area under study, is briefly described. Emphasis is placed on the second step, which is the identification of a threshold in the curve resulting from the expansions. The third chapter of the article provides an opportunity to present some examples of the application of the methodology to theoretical cases, while the fourth and final chapter focuses on its application to the morphological delimitation of urban areas.","2007"
"0","1","0","0","Proposal for a renewed approach to territorial evaluation","Laure Casanova","The introduction of sustainable development principles into spatial planning has led to a proliferation of territorial assessment and forecasting initiatives. However, the theoretical and methodological foundations of these approaches are neither consensual nor stable, making the analytical processes often difficult to replicate and the results of limited practical application. This research position proposes an example of a renewed approach to territorial assessment by utilizing spatial analysis tools. A prospective indicator of the state of territories is developed and then tested in the Provence-Alpes-Côte d&#39;Azur region.","2007"
"1","0","0","0","Measures of corporate group anchoring: An application to French agricultural cooperative groups","Maryline Filippi, Olivier Frey, Pierre Triboulet","The processes of localizing and relocating activities demonstrate the influence of space on corporate strategies. The development of corporate groups and the increasing number of mergers and acquisitions are altering the spatial organization of firms. This paper aims to analyze the spatial embeddedness of corporate groups. Its conceptual framework is based on proximity analysis and theories of the firm. The study focuses on agricultural cooperative groups whose territorial embeddedness is being challenged by the significant growth of subsidiaries. The groups were identified using national databases (LIFI and EAE 2003). Two indicators are proposed to measure the spatial embeddedness of the groups in relation to the activities developed and the different units of analysis (establishment, company, group). The results highlight a strong anchoring around the parent cooperatives. However, this anchoring should be qualified by the possibility of a shift in spatial logic within large cooperative groups that concentrate an increasing share of activity.","2007"
"1","0","1","0","Calibration of households preference for open-spaces from an urban cellular automata model - Method and application to Dijon","Geoffrey Caruso, Mohamed Hilal","We propose a calibration method for a residential growth model that is grounded on a micro-economic cellular automation. This model can be seen as a spatial and dynamic representation of an urban economic model with neighborhood externalities. A 2D spatial equilibrium of residential locations is obtained stepwise through time instead of being a one-shot instantaneous equilibrium. Previous research work showed that the model can produce more or less dense and fragmented urban patterns depending on the preference of households for open space. We propose here a method for calibrating those preferences from simulations of the model and land rents observed within the Dijon urban area. More precisely, equilibrium properties of the model are used to derive the elasticity of open-space preferences. Then simulations are used to estimate the neighborhood distance to which open-space are valued by households. Our first results tend to support our residential behavior assumptions and tend to be in accordance with results obtained with more classic methods. Further methodological improvements are however needed.","2007"
"0","0","1","0","Hierarchical structures in geography: from linear models to non-linear models (power laws and log-periodic corrections)","Maxime Forriez, Philippe Martin","The power law (and especially the rank-size law) is used in many empirical models in geography. Often, an oscillation of experimental points can be observed on logarithmic graphs. Until recently, these oscillations were interpreted as artifacts. Thanks to recent mathematical developments, these fluctuations can be modeled by a log-periodic fractal law, as we will demonstrate.","2007"
"1","0","1","0","Modeling aesthetic preferences: towards taking perceptions into account in oxbow ecological restoration projects","Marylise Cottet, Hervé Piégay, Anne Honegger","To address ecosystem degradation, ecological restoration projects have proliferated since the 1990s. Characterizing and anticipating public perception are two major challenges in achieving sustainable ecosystem management that is shared by all stakeholders. This is the aim of this research, applied to a specific ecosystem: the oxbow lakes bordering the Rhône River and one of its tributaries, the Ain River in its lower valley. The aesthetic preferences of an experimental population were modeled using data collected through a photo-questionnaire survey. This model relies on a multiple regression performed on the coordinates of the factorial axes of a multiple correspondence analysis. The resulting model is stable and explains 66% of the variability in the aesthetic responses of the respondents. Six visual attributes were identified to predict aesthetic preferences for oxbow lake water bodies: 1) the dominance of green, 2) the dominance of gray or brown, 3) the presence of warm and vibrant colors, 4) the presence of aquatic vegetation with irregular shapes, 5) the presence of sediment, and 6) the turbidity of the water. Some possibilities for improving the model are discussed. A validation step carried out on a representative population sample would allow this experimental model to be used in an operational setting.","2009"
"1","0","1","0","Use of the outputs of the ARPEGE-Climat numerical model for the simulation of a bioclimatic index up to the end of the 21st century in the Champagne vineyard","Elodie Briche, Gérard Beltrando, Claude Kergomard, Hervé Quénol","The minimum and maximum daily temperatures from the ARPEGE-Climat numerical model, used for future climate forecasting, are compared to those at a station (Reims-Courcy) in the Champagne vineyards over a &quot;control&quot; period from 1950 to 2000. Future temperature simulations for three scenarios, A1B, A2, and B1, allow for the calculation of the Huglin bioclimatic index up to 2100. Temperature increases predicted by the model scenarios could lead to a change in the climate type within the vineyards, disrupting the wine industry.","2009"
"0","0","0","1","Between dasymetric and choropleth: a typology of space adapted to the study of the relationships between health and the environment","Paul Salze, Dominique Badariotti, Arnaud Banos, Hélène Charreire, Jean-Michel Oppert, Romain Casey, Chantal Simon, Basile Chaix, Christiane Weber","The study of the role of environmental determinants on health is a rapidly growing research area in geography and epidemiology. It involves identifying the environmental elements that enable a varied and balanced diet and regular physical activity. In this context, the opportunities available (services, green spaces, etc.) differ between rural and urban environments, making the distinction between these types of spaces essential. Given the inadequacy of traditional data sources, our work aims to develop a method for defining this fundamental spatial differentiation through the mutual enrichment of existing data. The method begins by creating a spatial typology that transcends administrative boundaries and is based on land-use criteria. Combining this typology with more conventional data results in a typology of municipalities that incorporates demographic, functional, and physical aspects. The results obtained allow for a more detailed characterization of environments, and may constitute a direct measurement of exposure or an element for adjusting models in accordance with the health/environment issue.","2009"
"1","0","0","1","Detection of changes in very high spatial resolution images by texture analysis: application in urban environments","Antoine Lefebvre, Thomas Corpetti, Laurence Hubert Moy","The objective of this study is to develop a method capable of identifying and characterizing changes affecting small areas using Very High Spatial Resolution (VHSR) remote sensing data acquired at different times and from different sources. To overcome these constraints, the method&#39;s originality lies in comparing the texture properties of the observed objects, thus avoiding the exclusive or primary use of spectral image information and instead focusing more on the spatial information it contains. Initially, the proposed method extracts objects through region-growth segmentation, and then the different textures within the segmented objects are compared. The approach used to characterize the textures relies on an analysis of coefficients derived from wavelet decomposition of the images. This method was applied in a peri-urban environment, specifically the Rennes metropolitan area. Peri-urban areas are highly heterogeneous and subject to abrupt and irregular changes over time and space. Changes in land cover and land use that occurred between 1978 and 2003 are detected using a pair of images: a black and white aerial photograph and a panchromatic image acquired by the Quickbird sensor. The classification rates obtained, ranging from 78% to 85%, demonstrate the importance of texture for image classification using THRS. This method thus enables the detection of changes in agricultural practices on plots under urban pressure.","2009"
"1","0","1","0","Evaluation of the WRF regional climate model applied to the Burgundy wine region","Cyril Bonnefoy, Thierry Castel, Malika Madelin","Current climate change is impacting crops, particularly grapevines, in terms of the earliness of phenological stages and yields. General atmospheric circulation models (GACMs) are not precise enough for impact studies on vineyards. Regional atmospheric circulation models (RACMs) are necessary to reach operational scales for this type of study. In this article, we evaluate the ability of the Weather Research and Forecasting model to reproduce climate variability in Burgundy during key periods for grapevines. The test is conducted on the year 2003, an atypical year that could become more common in the coming decades. Our aim is to use this model to regionalize the agroclimatic index of growing degree days in 2003 and thus obtain an initial simulated image of the potential viticultural climate zones in Burgundy in the years to come.","2009"
"1","0","0","0","Spatio-temporal organization of bushfires. A comparative approach in Burkina Faso","Sébastien Caillault,  Aziz Ballouche, Daniel Delahaye","Bushfires in sub-Saharan Africa are most often considered harmful environmental hazards. Yet, it is now established that in these tropical regions, they contribute to shaping savanna vegetation. Far from being random, these fires are even integrated into the rhythm of the social lives of the local populations. The aim of this study is therefore to highlight this &quot;management&quot; of fire zones by examining their spatial and temporal dynamics. Two study sites in Burkina Faso were selected for this demonstration. The results show that these phenomena are not only not sporadic and random, but that they also organize themselves in a quasi-deterministic manner. This fire dynamic is thus interpreted as a reflection of differentiated management practices between rural areas and areas dedicated to nature conservation (protected areas).","2009"
"1","0","0","0","A structural risk of forest fires: a methodological example of a risk geography based on the complexity of systems","Adrien Mangiavillano","The structuring of statistical data according to a power law is well known in geography, particularly in urban geography. This emergent property concerns so-called &quot;complex&quot; phenomena. Surprisingly, it is little explored in the geography of risk. From this perspective, we address the topic of forest fires. The proposed methodological development thus falls within a theoretical and quantitative geography of risk. After a review of the existing literature, we develop methods for measuring a power law structure of historical data. Because the phenomenon emerges, depends on, and interacts with heterogeneous, non-linear, numerous variables that are aggregated differently across different areas, one consequence is considered: the inclusion of curvature in a bi-logarithmic graph (frequencies-sizes), a curvature too long perceived as an artifact. Yet, it is invaluable for geographers whose role is to differentiate spaces as precisely as possible. By invoking a case of scale covariance (as opposed to scale invariance, which concerns a rectilinear power structure), the measured curvature provides information on the balance of positive and negative feedbacks that have interacted in a given location over a specific period. Therefore, the newly proposed parameters are considered geographical indicators that express a &quot;structural&quot; risk of forest fires.","2009"
"0","0","1","0","Modeling of noise exposure in urban environments and epidemiological studies: what are the sound sources?","Sophie Pujol, Hélène Houot, Marc Berthillier, Jérôme Defrance, Joseph Lardies, Séverine Bongain, Jean-Pierre Levain, Cyril Masselot, Rémy Petit, Frédéric Mauny","Most epidemiological research studying noise in urban environments relies on models that only incorporate noise sources related to transportation or industry. However, additional sources are likely to influence noise levels. The objective of this work is to identify, among urban environmental noise sources, those likely to improve predictive models and to estimate their respective contributions. An acoustic measurement campaign was carried out on the facades of 44 dwellings located in Besançon, France. The measured values were compared with modeled values from various noise maps into which noise sources were progressively introduced. Four additional sources were selected and implemented in the predictive model: pedestrian walkways, fountains, schoolyards, and bus stops. The temporal (day-night periods) and spatial (geographic distributions of the new sources and the dwellings equipped with noise reduction systems) contribution of each source was analyzed. Many urban noise sources combine limited acoustic power with a localized impact. Some can make a significant contribution to the accuracy of noise exposure assessments in urban environments. Considering them should improve the epidemiological approach to the relationship between noise pollution and health.","2009"
"1","0","1","0","Accessibility simulation in the city and educational experience: the AccesSim model","Matthieu Delage, Florent Le Néchet, Thomas Louail, Hélène Mathian, Sébastien Rey Coyrehourcq","This article presents a model for becoming familiar with the concept of accessibility in urban environments. This interactive simulation, AccesSim, was developed using the multi-agent simulation platform NetLogo. After discussing the educational and scientific value of a simulation-based approach, we present the functionality of this model, along with feedback based on participation in the Saint-Dié-des-Vosges festival (2008) and the Fête de la Science (2008).","2009"
"1","0","0","0","From parcel shapes to agricultural uses. Comparison of the organization of agricultural landscapes in dairy and hedgerow areas (Galicia, Lower Normandy, Southern England)","Maxime Marie, Daniel Delahaye","In the dairy and hedgerow regions of Western Europe, heavily influenced by agriculture, the spatial organization of agricultural activities appears central to the structuring of rural landscapes. Analyzing the factors that determine the location of agricultural land use is essential for understanding the logic behind landscape structuring. This contribution is based on a comparison of these location factors in five study areas situated in dairy and hedgerow regions (three in Normandy, one in Galicia, and one in southern England). The results of this research show that the organization of agricultural landscapes in these different areas is governed by the same fundamental principles and that farms consistently emerge as a key level for analyzing landscape structuring.","2009"
"0","0","1","0","Construction of a model for the analysis and exploration of the structural properties of a transport network","Eric Mermet","A transport network is a system that connects locations within a territory. These locations are linked by paths whose modalities vary: shortest paths, bypass paths, etc. However, in the context of network structure analysis, it is necessary to understand all possible paths and their different modalities by mapping relational indicators. The challenge of such an approach lies both in the large volume of data to be stored and analyzed, and in the identification and extraction of information. Within this framework, this article proposes a model for analyzing and exploring the structural properties of a transport network. This model is based on four key elements: a computational space containing all Origin-Destination points, a measure quantifying a property using a mathematical formula, a view allowing for variation in the level of detail through zone aggregation, and finally, a legend enabling the evaluation of results by varying the color, the number of classes, and the type of value segmentation.","2009"
"1","0","0","0","Relocation in urban renewal projects in Saint-Étienne: What impact on the evolution of neighborhoods and the city?","Fanny Léostic","The purpose of this article is to analyze the mobility patterns associated with demolition-reconstruction and rehabilitation projects carried out as part of urban renewal in two neighborhoods of Saint-Étienne: one in a degraded and impoverished historic center, and the other in a large social housing complex located on the outskirts of the city center. Using a statistical database of relocations, completed by social housing management organizations and the municipality, the aim is to analyze the characteristics of the relocated households and their residential trajectories related to the urban renewal projects. This leads to an examination of the potential impact of these relocations on the development of the neighborhoods concerned and on the transformation of the city as a whole.","2009"
"1","0","0","1","Methodological approaches to the intersection between urban growth and flood risk","Janique Valy","The Brittany region has experienced several historic floods, particularly since 1995. This succession of exceptional hydroclimatic events has prompted reflection on flood risk and the reasons for the increased vulnerability of regional urban areas. The various floods have highlighted the vulnerability of certain urban areas, challenging land-use planning strategies, especially near rapidly growing urban centers. Urban expansion, studied at the sub-municipal level, is organized from an initial state of varying vulnerability. This presentation focuses on the methodologies used to analyze urban development patterns since 1950, combined with the hydrological context. This integrated approach is developed at the scale of an urban project and examines its implementation in relation to flood risk.","2009"
"1","0","0","0","Preventive mapping of the risk associated with &quot;flash floods&quot; in northern France","Johnny Douvinet, Daniel Delahaye, Patrice Langlois","The risk associated with spring and summer flash floods is a growing concern in northern France (the Paris Basin). However, few studies have been conducted on this type of phenomenon, and hydrological analyses have primarily focused on flooding caused by overflowing rivers or rising groundwater. Within the framework of this research, we propose to provide risk managers with preventative maps of flash flood hazards at two levels of observation. An initial spatial mapping of at-risk areas at a regional scale was carried out by comparing the location of watersheds susceptible to the hazard with population centers. This exploratory approach reveals that the risk is high in certain valleys due to intense land pressure. By combining the internal structural efficiency of the watersheds, measured by the RuiCells cellular automaton, with the spatial distribution of built-up areas at fine scales, it is possible to refine the regional assessment by moving to an intra-basin scale. The maps presented for several watersheds appear to be consistent with our knowledge of the area and the statements of local experts. These mapping trials are yielding encouraging results that could, in the short term, improve the consideration of this still poorly understood and underestimated risk in these regions.","2009"
"0","0","0","1","Towards local energy performance indicators: territorial energy labels. A first approach based on estimating daily mobility.","Jean-Philippe Antoni, Yann Fléty, Gilles Vuidel, Marie-Hélène de Sède-Marceau","The recognition of global climate change has led to a very concrete objective: reducing greenhouse gas emissions, which is itself necessarily linked to a reduction in overall energy consumption. At the local level, this perspective translates into concrete objectives for controlling and improving energy efficiency, and can be achieved through the definition of indicators to guide decision-makers. In this context, the research presented here aims to define an energy indicator useful to urban planners: it measures the &quot;energy performance&quot; of the different spaces within a single urban area from the perspective of the daily mobility of its inhabitants, whose behavior is assessed using normative frameworks. We therefore propose calculating &quot;zonal energy labels.&quot; We then put forward methodological elements for a comprehensive assessment of the impact of daily mobility on the local environment, taking into account the housing component only through the integration of household density. This method is being applied to the Greater Besançon Agglomeration Community (CAGB). In conclusion, some levers for action have been identified, but &quot;territorial energy labels&quot; remain a tool to be used with caution. It does, however, allow for an initial energy assessment of territories.","2009"
"1","0","0","0","Socio-spatial transformations of Besançon: a multi-date exploratory analysis","Kawtar Najib, Anne Griffond-Boitier","This article analyzes the socio-spatial configurations of different neighborhoods in Besançon during the intercensal period of 1990-1999. This study relies on a multi-date exploratory statistical analysis that attempts to reveal the enduring and transient structures of the urban system. To this end, data collected in the 1990 and 1999 censuses provide approximately twenty indicators characterizing the IRIS (aggregated census blocks) of Besançon. Through factor analysis, we can observe the trajectories of the IRIS between these two dates according to the selected indicators. This work highlights the socio-spatial organization of Besançon and reveals a distinction between privileged neighborhoods that have become entrenched in their comfort, more disadvantaged and isolated neighborhoods, and a central axis undergoing transformation. In general, the study of trajectories helps to show the various trends in the evolution of neighborhoods, and in particular the phenomena of gentrification, impoverishment or improvement of social mix.  ","2009"
"1","0","1","0","Modeling of spatio-temporal occurrence distributions and plant epidemiology","Florencia Chimard, Jean Vaillant, Jean-Heinrich Daugrois","Point temporal, spatial, and spatiotemporal processes have been used for several years in fields such as biology, epidemiology, seismology, and neurology to model series of event occurrences. Our study focuses on the contribution of mixture models of point processes to such modeling. It also highlights the usefulness of the Bayesian approach for assessing the variability associated with certain environmental factors. The link with stick-breaking a priori laws such as the Dirichlet process is presented. An illustration is provided with the study of the spread of sugarcane yellow leaf virus. The spatiotemporal distribution of sugarcane plants infected with SCYLV is studied in a plot, healthy at planting, located in Guadeloupe. Our main objective is to characterize and then model the dissemination of SCYLV within this plot.","2009"
"0","0","0","1","Animated visualizations for exploring individual mobility trajectories: guiding intuition in the analysis of complex data","Laure Charleux, Sonia Chardonnel","In a study of daily mobility based on a large-scale survey, the need for a dynamic visualization tool for individual trajectories became apparent. This article describes how we built a tool that generates SVG animations from individuals&#39; movement chains. We then propose using this tool to guide the creation of descriptors for individual mobility trajectories and demonstrate the relevance of this approach from a geographical perspective. We conclude by discussing the exploratory work opportunities opened up by this tool, aimed at understanding the subtle characteristics of socio-territorial practices related to individual mobility.","2009"
"1","0","0","1","Quantifying the distance from Bussière&#39;s model: monocentrism versus &quot;acentrism&quot;","Florent Le Néchet","This article proposes an indicator to quantify the distance of an urban region from Bussière&#39;s monocentric model. In the case of an extreme non-monocentric configuration (a uniform population distribution, for example), the term &quot;acentrism&quot; is used. The proposed acentrism indicator is compared with several classic indicators of urban structure (Hoover index, Moran index, slope of the rank-size law), for both theoretical and empirical configurations—twenty-five European cities are studied. The conclusion is that a multidimensional approach to urban structure is necessary, a framework within which quantifying distance from the monocentric model can be useful.","2009"
"1","0","0","1","Quantifying snow depths and air temperatures at the surface of a glacier: from fieldwork to interpolation, a comparison of methods","Eric Bernard, Florian Tolle, Madeleine Griselin, Dominique Laffly, Christelle Marlin","Quantifying snow depths and surface temperatures on a glacier is most often done using data acquired at specific points, with the number of points varying depending on the program. The values obtained allow for spatial generalization of the information. This step makes it possible, on the one hand, to obtain global values that will be correlated with calculations of glacier outflows, and on the other hand, to understand the spatial variations of the phenomena studied. Within the framework of a hydroglaciology program developed in the Arctic, several spatialization methods were compared to assess their quality and reproducibility. This article reports on the comparison of six spatial discretization and interpolation methods using data from snow cores and four days of air temperature observations at the surface of Loven Glacier East.","2009"
"0","1","0","0","The UN, geography and the map","Laurent Beauguitte","The United Nations has existed as an object of scientific study since its creation. Yet, geographers, both Francophone and Anglophone, have not known how to study it. A historical and epistemological reflection is necessary to try to explain this geographical oversight. One hypothesis explored here concerns the difficulty of mapping the UN as an object of study.","2009"
