"Title","Author","Abstract","Year"
"Transport and spatial organisation of cities: synthesis of theories and models","Michael Wegener","The spatial organization of contemporary cities is of bewildering complexity. Urban growth and decline, concentration and dispersal, polarisation and equalisation, prosperity and deprivation coexist in an intricate spatio-temporal web of partly interdependant and partly autonornous processes. In this paper an overview of classical and contemporary approaches to modelling the interface between spatial interaction and location in urban regions is given. Four paradigms are distinguished : technological, economie, social and political. In a second part of the paper an attempt to integrate components of the four paradigms in an unified theoretical framework and quantitative mode! of the transport and spatial organization in urban regions is presented.","1993"
"L'usage des images satellitaires en géographie: apports et limites","Hassan Ouerdani","La télédétection représente une évolution dans les méthodes d'analyse, d'aménagement et de gestion de l' espace. L'aspect numérique de ses données, sa couverture spatiale très étendue et sa facilité d'acquisition, constituent des atouts qui attirent l'attention des différents utilisateurs qui recherchent de l'information spatiale et qui l'intègre dans leurs méthodes de travail. Mais son utilisation en géographie, dans l 'état actuel, reste très limitée, faute de moyens matériels et techniques nécessaires à son développement.","1993"
"La télédétection comme aide au diagnostic paysager en Afrique de l'Ouest","Magatte Ba","Au Sénégal Occidental, où on observe de fortes densités rurales, les études sont nombreuses qui évoquent la dégradation de l'environnement biophysique. La nécessité d'une approche «intégrée» ou «globale» impose le paysage comme objet d'étude privilégié. La télédétection spatiale offrent de nouvelles ressources aux géographes : avec sa haute résolution spatiale (30m x 30m) et ses caractéritiques spectrales (notamment dans le proche infra-rouge) l'image Thematic Mapper fournie par le satellite Landsat-5 permet un diagnostic adéquat des paysages. Les teintes homogènes issues des analyses mulùbandes réalisées dans deux zones-tests (compositions colorées et classifications supervisées) et pouvant être reconnues au sol, renseignent sur les poches rurales plus ou moins fragilisées, et donnent une idée des ressources disponibles en terre et en végétation.","1993"
"Cartographier l'inervisibilité: l'aménagement d'un site de RIA","Laurence Ledu","Loi paysage, chartes du paysage, plans de paysage ... , le paysage a depuis longtemps dépassé le cadre du tableau pour devenir un objet de consommation, un patrimoine à gérer, un thème législatif, un critère d'aménagement, une image publicitaire. La demande vis-à-vis du paysage appelle une réflexion particulière et des méthodes spécifiques. En amont d'une éventuelle appréciation, il apparaît incontournable de décrire, connaître et comprendre ces paysages : le recours à la télédétection permet une vue synthétique, le drappage d'images satellites sur des Modèles Numériques de Terrains réintroduit 1' effet du relief.. . Sur ce thème, l'analyse et la cartographie de 1 'intervisibilité est essentielle : quels sont les espaces vus et les espaces masqués et dans quelles proportions ? Comment évoluent-ils en fonction des aménagements réalisés et des déplacements de 1' observateur ? L'ensemble développé à partir de l'aménagement du Parc du Château de la Roche Jagu (Côtes d'Armor) illustre les possibilités offertes par ces techniques et la complexité d'un système <>.","1993"
"Le procédé IRISOS","Charles Schneider","Présentation d'une nouvelle méthode graphique de description spatiale. Le procédé IRISOS aboutit à la reconstruction graphique des composantes spectrales d'une surface. n peut être considéré comme une mise en correspondance de deux systèmes d'interférences : la couleur qui équivaut à des interférences lumineuses et la surface considérée comme une résultante de l'interférence d'ondes spatiales. La redéfinition spectrale de la couleur aboutit à un changement de vision de la surface.","1993"
"SADIC: Système d'Aide à la Décision en Informatique Cartographique","Dominique Laffly, Pascal Gillon","SADIC est un logiciel qui gère et filtre J'information sur des bases de données thématiques de grande taille. n intervient en amont du traitement de l'information et permet ainsi de valider ou d'infirmer rapidement des hypothèses de travail. Son principe repose sur une grande facilité d'utilisation quant aux choix des unités et des niveaux d'agrégation spatiale, des données à représenter et des modes d'analyses statistiques grâce à une interface graphique conviviale et à une mise en forme rapide des résultats cartographiques. SADIC est développé de manière à pouvoir s'adapter et évoluer facilement, notamment pour intégrer la dimension temporelle et la portabilité pour d'autres sources d'information.","1993"
"Pour une modélisation de la différenciation spatiale","Jean-Pierre Chéry","Le concept d'espace différencié constitue l'un des fondements du discours géographique. La différenciation de l' espace apparaît comme un processus complexe dont la formalisation n'est pas encore satisfaisante. Un positionnement systémique semble être un cadre pertinent pour la modélisation de ce processus. Un modèle simulant ce processus est discuté dans le cadre du fonctionnement territorial d'un espace différencié. La démarche de modélisation, partant des concepts décrivant l' objet à modéliser -ici, un espace transfrontalier- se heurte aux difficultés de formalisation. La modélisation forrestérienne, par la dynamique de systèmes, est une démarche qui a permis d'élaborer des modèles d'espaces homogènes. Les possibilités d'utiliser cette méthode pour la différenciation spatiale sont présentées.","1993"
"Des modèles pour l'aide à la décision: le cas du marché du logement en region frontalière (Morteau, Doubs)","Alexandre Moine","Cet article se veut le préambule à l'élaboration d'un modèle du fonctionnement d'un marché du logement considéré dans un cadre local et soumis à l'influence spécifique d'une frontière. On sait que le marché du logement est particulièrement complexe. II peut être considéré comme un système composé d'éléments hétérogènes en interaction. La démarche proposée, fondée sur la dynamique de systèmes, permet de prendre en compte à la fois la dimension temporelle et spatiale du phénomène. Mais on constate que l'utilisation des résultats de simulation fournis par le modèle est difficile. Pour devenir un outil d'aide à la décision, ce dernier doit être complété par un système à base de connaissances, utilisé comme un système interactif d'aide à la décision.","1993"
"Développement local, emploi et impacts d'aménagement: éléments pour un système intéractif d'aide à la décision","Jean-Marie Chekhab","Le développement local fait indéniablement partie de l' environnement conceptuel de la période actuelle en mettant l'accent sur la priorité à l'emploi. Mais face aux nécessités de maîtrise des principales évolutions économiques de leur territoire, les décideurs ressentent de plus en plus, un besoin de rationalisation de leur décision. Ceci nécessite la création d'un outil pour les éclairer et les aider dans leur entreprise. On se propose de présenter les éléments nécessaires à la création d'un système interactif d'aide à la décision en matière de gestion localisée de l'empoi et d'impacts d'aménagement. Celui-ci sera élaboré en dynamique de systèmes et interfacé avec un système à base de connaissances pour l'explication des résultats issus du modèle.","1993"
"Modelling dynamic traffic flow in networks","Martin Hilliges","In this paper a simulation model for time dependent traffic flow in networks with multiple sources and sinks is presented. The main goals are the real-time simulation of large highway networks and the development of a planning tool for traffic networks. First, the assurnptions beyond the model are presented. Second, I describe the adaption of the mode! to numerical simulations and the constructions of networks. The next sections contain a short note on decision processes and our approach to this field. Then an extension of the model to a larger frarnework, and possible fields of application are proposed. In the Iast section a simulation of the traffic flow in a network is shown.","1993"
"Simulation of regional dynamic processes in the economy","Kai Brandt","Economical interactions between countries or regions of countries become more and more important for the economy of nations, the EC and the whole world. Nevertheless, there are only few attempts to model these processes, because most of the classical economic models are too unhandy or too stiff to be extended on regional effects. My approach to this problem is bases upon the dynamic choice theories developped by G. Haag and W. Weidlich from the University of Stuttgart. It describes the behaviour of demand, supply and prices due to the choice behaviour of consumers and producers. It is built up modular, so that it can easily be fit to the requirements of single branches or products. Thus it cannot be applied to political economics as a whole but it can teach us some astonishing effects in parts of them.","1993"
"Méthode d'analyses pour la modélisation de dépôts de pente en haute montagne","Pierre Pech","Les dépôts de pente (éboulis et autres fonnes) occupent des surfaces importantes en haute montagne et plus particulièrement dans le Dévoluy. L'analyse des paramètres morphométriques, sédimentologiques, biogéographiques et spatiaux pennet de proposer des modèles quantifiés de définition des dépôts de pente. Ces modèles sont comparés aux processus morphodynamiques répertoriés sur les dépôts de pente. Les fluctuations des valeurs des modèles de dépôts de pente correspondent aux variations des dynamiques morphogéniques.","1993"
"Le recours au modèle d'analyse de variance dans les travaux géographiques","Cécile Helle","Dans le cadre de l'analyse du marché des terrains à bâtir dans l'espace vauclusien, on se propose de tester les éventuels apports (notamment par rapport aux méthodes classiquement mobilisées dans ce type d'études : modèle de régression linéaire multivariée ...) de l'analyse de la variance. Deux axes de recherche sont privilégiés :    - le modèle de variance comme outil explicatif de la différenciation spatiale des prix des terrains à bâtir (grâce entre autres à une meilleure prise en compte des discontinuités spatiales),    -le modèle de variance comme outil de vérification, faisant suite à une démarche inductive de traitements des données ayant abouti à la projection d'un modèle d'organisation spatiale sur une structure observée dans la réalité.","1993"
"New time-space maps of Europe","Klaus Speikermann","Increasing mobility is one of the constituting features of modemity. Toda y, Europe is facing a new thrust of acceleration: the planned european high-speed rail network will open up new dimensions on travel speed and so of the relation of space and time. The topic of the paper is the visualisation of the new relationship of space and time by a new type of maps. These time-space maps do not display distances but time distances between cities and countries. For this purpose a method for creating time-space maps has been developed, which improves current methods and avoids their pitfalls. To demonstrate the developed method, time-space maps for Europe, France and German y are presented.","1993"
"Analyse d'image et effet de frontière: analyse spatio-temporelle des structures de peuplement des régions pyrénéennes","Sandra Perez","La contribution présente la démarche utilisée pour déceler l 'impact de la frontière pyrénéenne sur l'évolution récente de la population des communes des Pyrénées-Orientales et de la Gerona. Les traitements statistiques sont effectués à partir de mesures réalisées par analyse d'images et donnant lieu à une modélisation spatiale.","1993"
"Caractérisation de l'évolution d'un réseau de fréquentation d'équipements par une analyse fractale","Jean-Luc Bonnefoy","Les inventaires communaux (1979 et 1988) permettent de construire des graphes de fréquentation de commerces et services. Ces graphes, construits dans un système d'information géographique, superposent deux types de relations intercommunales :  -des hiérarchies emboîtées avec des communes de plus en plus peuplées et des commerces et services de plus en plus rares,  -une «mise en réseau», des coopérations ou complémentarités entre communes de taille modeste. La dimension fractale quantifie les structures internes hiérarchiques et permet ici de quantifier les tendances du réseau de fréquentation d'équipements.","1993"
"Problèmes méthodologiques posés par une démarche de type système-expert en géographie","Nathalie Dubus","Les systèmes-experts sont destinés à reproduire Je raisonnement d'un expert dans un domaine particulier. Leur utilisation en tant qu'outil d'aide à la décision peut être envisagée en géographie. La marche à suivre pour le développement d'un système-expert est constituée de différentes étapes: identification, apprentissage, modélisation, formalisation de la connaissance et informatisation, puis validation et enrichissement du modèle. De fortes interactions existent entre la modélisation de la connaissance et l'outil utilisé. Cet outil, s'il offre certains avantages, fait aussi émerger des problèmes de fond comme de forme lors de la représentation et du traitement de la connaissance. Cela est mis en évidence par la réalisation d'un système-expert d'aide à la décision en matière de planification des eaux en pays sahélien.","1993"
"Bases de connaissances et méthodes: les systèmes couplés","Franck Guarniéry, Jean-Luc Wybo","Quels que soient les domaines d'application, nombreux sont les problèmes qui nécessitent des solutions techniques qui combinent à la fois des méthodes de l'intelligence artificielle et celles de l'informatique traditionnelle. Cette contribution a pour objectif de présenter le concept d'Environnement de Résolution de Problèmes. Ce concept est très lié à celui du couplage numérique-symbolique en modélisation ainsi qu'à celui de l'intégration des connaissances provenant d'experts d'un domaine particulier et/ou d'experts de différents domaines.","1993"
"SIMPOP, un modèle multi-agents pour l'évolution des systèmes de peuplement","France Guérin-Pace, Hélène Mathian, Denise Pumain, Lena Sanders, Stéphane Bura","Les systèmes multi-agents, branche de l'intelligence artificielle distribuée, offrent une grande souplesse pour la modélisation de la dynamique des systèmes complexes. Les méthodes classiques utilisées pour reproduire une dynamique emploient une formalisation par un système d'équations différentielles. La modélisation par les systèmes multi-agents repose sur un ensemble de règles, associant connaissances qualitatives et infonnations quantitatives, qui permet de manipuler simultanément des échelles géographiques différentes et imbriquées : niveau des individus (niveau microscopique), des villes (méso) et niveau macroscopique d'un territoire. Des mécanismes connus par ailleurs sur les processus de croissance et les interactions spaùales, tels les effets de la concurrence ou de la dissuasion de la distance ou encore de la contraction de l'espace-temps, sont introduits dans les règles de fonctionnement du système.                                                                L'objectif du modèle présenté ici est de reproduire sur une période de temps très longue (environ deux mille ans), le passage d'un système de peuplement relativement homogène et à économie agricole, à une organisation urbaine hiérarchisée. Différentes hypothèses sont testées à l'aide de simulations et cet outil permet ainsi d'évaluer les rôles respectifs des paramètres qui caractérisent les ""componements"" des villes ainsi que l'effet des différentes règles qui régissent l'évolution de l'ensemble du système.","1993"
"La problématique de l'évolution de l'utilisation des terres agricoles: vers un système hybride couplé à un système d'information objet","Didier Josselin, Bruno Orsier","Les systèmes hybrides cherchant à tirer parti des points forts des réseaux de neurones et de l'Intelligence artificielle classique, connaissent actuellement un grand succès en informatique. Notre recherche, fruit d'une collaboration pluridisciplinaire, vise à coupler un SIG et un tel système hybride, pour répondre à la problématique suivante : modélisation du phénomène de déprise agricole. Notre exposé présentera :  -les résultats critiques d'études préliminaires réalisées avec des techniques plus classiques (analyse de données, apprentissage symbolique, automatique ... ), - nos motivations et nos espoirs relatifs à l'utilisation des réseaux de neurones comme intemtédiaire entre Système d'Information Géographique, outils statistiques et intelligence artificielle classique (limites actuelles de ces outils).","1993"
"Réseau d'accès et accessibilité: modélisation informatique et aide à la prise de décision en aménagement","Alain Touret, Pierre Dumolard","Les SIG ""raster"" sont particulièrement adaptés à l'analyse, la modélisation et la simulation spatiales. Il est donc intéressant d'y intégrer des fonctions utiles dans cette optique. Panni celles qui sont possibles, la mesure de l'accessibilité sur un espace nous semble fondamentale. Pour construire le module correspondant, nous avons utilisé l'approche «multi-agents» (LA. connexioniste) et programmé en langage orienté objet C++, ce qui pennet l'intégration au SIG GRASS,lui même écrit en C.","1993"
"Les zones d'emploi françaises différenciées par l'emploi, la formation et les qualifications","Patrice Card, Dominique Laffly","Depuis la décentralisation des compétences de l'Etat aux conseils régionaux en matière de politiques de formation, de plus en plus d'études sont menées à l'échelle des zones d'emploi. Celles-ci ont été délimitées à partir d'études des migrations domicile-travail; elles correspondent assez bien aux aires d'attraction des villes françaises en matière d'emploi. Le traitement statistique de différents indicateurs statiques et dynamiques, élaborés en 1990 par l'INSEE pour les 348 zones d'emploi délimitées, permet de mettre à jour une typologie de ces aires d'attraction, donc des villes françaises. Des analyses factorielles et une classification ascendante hiérarchique de 18 variables relatives à l'emploi, au niveau d'études, au système de formation et aux qualifications répertoriées dans les zones, mettent en évidence des différences très accusées entre les zones d'emploi françaises. Trois France s'opposent nettement selon une double tension :  -la France industrielle de l'Est et du Nord s'oppose à la France du tertière supérieur des grandes villes, -la France rurale s'oppose à la France urbaine. Cette approche quantitative du phénomène de différenciation du Territoire par l'emploi et la formation tente d'apporter de nouveaux éléments de connaissance du rôle de ces facteurs dans l'organisation de l'espace français.","1995"
"Les observatoires autoroutiers: méthodologie, indicateurs. Exemple de l'Observatoire des effets
économiques de l'A 39 (Dole-Bourg-en-Bresse)","Marie-Agnès Lanneaux","En raison de l'ampleur des travaux nécessaires à leur réalisation et surtout des sommes engagées, les autoroutes ont toujours suscité des interrogations de la part des décideurs. Dans les années 60 aux Etats- Unis et à partir des années 70 en France, de nombreuses études ont donc cherché à mesurer les effets d'une autoroute sur le territoire traversé. La mise en place d' observatoires est née de ces interrogations. Cette contribution se propose de présenter les éléments méthodologiques élaborés par l'Observatoire pour mesurer les effets économiques de l'Autoroute A 39 sur l'organisation et la gestion de l'espace entre Dole-Bourg-en-Bresse.","1995"
"Diversité des fonctionnements des exploitations agricoles et organisation de l'espace: vers des
méthodes de diagnostic par des indicateurs spatiaux","Isabelle Duvernoy, Françoise Axes","L'évolution de l'agriculture s'accompagne de transformations de l'espace sous sa dépendance. Sur deux exemples, l'un sur la dynamique de colonisation agricole dans une province argentine, l'autre sur les exploitations viticoles dans le Biterrois, on a considéré la structuration de l'espace des exploitations agricoles comme un indicateur de leur fonctionnement. En utilisant les nouveaux outils d'obtention et d'interprétation d'informations géographiques (télédétection, SIG), des méthodes sont proposées pour généraliser des diagnostics et obtenir une représentation de la diversité locale de l'activité agricole, à une échelle régionale.  Cette «généralisation par l'espace» nécessite une modélisation spatiale des types d' agricultures que l'on souhaite différencier et une réflexion sur le lien entre niveaux d'organisation de l'activité agricole et ensembles spatiaux qui leur correspondent. Elle présente des degrés de complexité variables selon que le niveau d'organisation-clef, celui de l'exploitation, correspond à un espace continu facilement délimitable ou qu'il s'agit d'un ensemble spatial discontinu.","1995"
"Approche spatiale du risque de pollution diffuse en milieu agricole intensif :Application à un affluent de l'Elorn (Bretagne Ouest)","Monique Launay, Laurence Hubert-moy","L'étude part du constat de la dégradation de l'écosystème marin de la Rade de Brest: la pollution diffuse d'origine agricole de l'Elorn et de ses affluents est l'objet de l'analyse. La pollution par les nitrates fait appel à des facteurs liés à la fois au milieu et aux pratiques culturales. Il faut donc les appréhender ensemble pour voir quelles en sont les interactions au niveau spatial et temporel. L'utilisation d'un SIG (Arclnfo) a permis de réaliser un zonage du bassin-versant en fonction des facteurs du milieu (sols, pentes ... ) et une définition des zones à risque selon les pratiques culturales. Les résultats obtenus permettent de déterminer un indice de risque à l'échelle de la parcelle, qui est confronté à celui que l'on obtient à l'aide d'un modèle de lessivage des nitrates. La problématique de l'extrapolation de la méthode sur une zone géographique plus vaste est envisagée notamment à partir de données satellitaires: l'évaluation de la perte de précision liée aux paramètres d'entrée disponibles à cette nouvelle échelle est analysée.","1995"
"La télématique au service de l'information géographique","Serge Leverbe","Le service télématique «Atlas des Villes de France» propose une information sur les 231 unités urbaines (agglomérations) de France métropolitaine dont la population dépasse 20 000 habitants au Recensement Général de la Population de 1990. Ce projet répond à une analyse de la demande en informations géographiques localisées, souvent exprimées en termes de complémentarité et de comparativité. Pour répondre à la première exigence, nous présentons l'information sous forme de cartes, tableaux de données et commentaires rédigés. L'approche retenue pour la seconde est orientée selon deux axes : une analyse des villes semblables (celles qui, en France, présentent les mêmes caractéristiques pour une variable donnée) et une analyse des villes voisines (l'ensemble des agglomérations d'une même région, quelle que soit la valeur qu'elles atteignent pour la variable choisie).","1995"
"L'analyse de la distance dans la différenciation spatiale des valeurs foncières : introduction des notions de covariation et régression spatiales","Cécile Helle","L'hypothèse fondamentale de toutes les recherches sur la formation des valeurs du sol en milieu urbain postule la dépendance des prix fonciers de la distance au centre-ville. L'existence d'une telle relation est confirmée dans l'espace périurbain d'Avignon, mais la recherche de variables explicatives secondaires soulève un certain nombre de problèmes. L'ensemble des régresseurs du prix du mètre carré (superficie moyenne d'une transaction, rôle des professionnels de l'immobilier sur le marché, indice de congestion territoriale ... ) s'avère, en effet, lié plus ou moins intensément à la distance. Cette identité de structure spatiale (gradient aréolaire) entre la variable expliquée et les variables explicatives trouble l'interprétation: la nature des diverses covariations n'est pas explicite et les corrélations entre les régresseurs sont nombreuses.","1995"
"Analyse variographique de données satellitaires pour déterminer la taille des unités d'échantillonnage. Exemple d'un inventaire d'occupation du sol en milieu agricole et forestier","P. Fournier, H. Geroyannis, V. Godard","Lorsque l'on effectue un inventaire d'occupation du sol et que l'on souhaite combiner l'apport de la télédétection et celui des sondages spatiaux, il faut résoudre le problème de la taille de l'unité d'échantillonnage. En milieu agricole, cette unité d'échantillonnage se cale habituellement sur la taille moyenne des exploitations agricoles. Cependant, en milieu forestier ou en milieu faiblement anthropisé, il n'existe pas d'information analogue permettant de calibrer l'unité d'échantillonnage sur une quelconque organisation des paysages. L'analyse variographique des données satellitaires numériques apporte une réponse à ce problème. En effet, comme ces données sont spatialement auto-corrélées, il est possible de déterminer quelle est la taille des entités paysagères et dès lors, quelle distance minimale doit caractériser une unité d'échantillonnage pour qu'elle englobe un nombre élevé de paysages. L'étude a porté sur deux secteurs agricoles et deux secteurs forestiers du sud du Bassin parisien. Les résultats indiquent que les distances, lues sur les variogrammes, susceptibles de calibrer les unités d'échantillonnage vont de 140 à 260 m pour les secteurs forestiers et de 400 à 450 m pour les secteurs agricoles. Ces distances sont logiquement différentes d'un paysage à l'autre et, à titre de comparaison, elles indiquent que la taille des unités d'échantillonnage (720 m), utilisée en 1986 par le Service Central des Enquêtes et Etudes Statistiques du Ministère de l' Agriculture lors d'un inventaire agricole, est, dans cette région, sur-dimensionnée par rapport à la diversité des paysages.","1995"
"Mise en évidence de discontinuités locales par l'analyse en composantes principales sur dissimilarités orientées : application à l'espace des collèges de l'agglomération parisienne","Jean-Christophe François","Ce travail s'attache à analyser la distribution géographique des discontinuités locales dans l'espace socio-scolaire de l'agglomération parisienne. On s'intéresse aux discontinuités imputables à l'origine nationale des élèves et aux différentiels de retard scolaire. On cherche bien entendu à voir si une certaine logique préside à la structuration des discontinuités géographiques. On cherche à mettre en évidence des discontinuités combinant plusieurs éléments convergents. Ces discontinuités qu'on qualifie de structurelles sont en principe plus stables, plus lisibles pour les habitants et moins sensibles aux comportements individuels que les autres. L'outil proposé pour les mesurer est une analyse en composantes principales effectuée, non sur les attributs des lieux, mais sur une série d'indices de «dissimilarité orientée» décrivant chacun des segments de contact entre deux unités spatiales contiguës. L'objectif de l'analyse est double. Il s'agit, d'une part, de déterminer parmi l'ensemble des limites entre aires de recrutement contiguës, celles qui peuvent être qualifiées de discontinuités structurelles et, d'autre part, d'apprécier la contribution des différents indicateurs à la formation de ces discontinuités structurelles. L'exploitation de cet outil a nécessité la mise au point d'une représentation cartographique adaptée.","1995"
"SIG et analyse exploratoire : vers de nouvelles pratiques en géographie","Jean-Marc Orhan","L'offre actuelle dans le domaine des logiciels de type Système d'Information Géographique (SIG) est très vaste: plus d'une centaine existent et les utilisateurs travaillent couramment avec des bases de 300 000 objets. Les besoins dans les années à venir se situeront dans le domaine de la visualisation et de l'analyse de données. L'intégration dans le SIG MacMap d'un module d'analyse statistique, et notamment la création d'un interface utilisateur, oblige à rechercher de nouveaux types de démarches d'analyses intégrant les possibilités offertes par les SIG. L'objectif est d'utiliser les méthodes de la cartographie pour représenter les résultats et faciliter leur prise en compte. On espère ainsi amener l'utilisateur à employer des outils statistiques, mais surtout à utiliser les capacités de gestion de l'espace du SIG pour créer de nouveaux espaces, nés des résultats de l'analyse. L'objectif est donc de mettre au point des outils créant de nouveaux systèmes de coordonnées. D'un histogramme de fréquence à un plan factoriel ou à un nuage de points, on est à chaque fois en présence d'un de ces espaces recréés. Leur visualisation cartographique et leur mise en interaction devraient offrir aux géographes de puissants outils d'analyse.","1995"
"Acteurs du tourisme et espaces de décision en Auxois","Valérie Delignières","Comprendre, évaluer et analyser les actions engagées ou proposées par les acteurs du tourisme sur un espace rural donné: ainsi pourrait-on résumer les principaux objectifs de cette communication. A partir des analyses dégagées des bases théoriques et de l'application à un espace donné, il s'agit de mettre l'accent sur les points forts et les faiblesses du système, en insistant particulièrement sur les phénomènes d'emboîtements d'échelles. En effet, lorsqu 'ils sont pris en compte dans le raisonnement global, ils permettent instantanément de comprendre à la fois la complexité et les dysfonctionnements majeurs des processus de développement touristique propres à l'espace rural.","1995"
"Modélisation de la demande de logements en zone frontalière : une analyse appliquée au marché local de Morteau (Doubs)","Alexandre Moine","Il est aujourd'hui admis que les marchés locaux du logement sont des systèmes complexes, dont l'analyse nécessite la mise au point de méthodes particulières. La méthode de dynamique de système semble tout à fait adaptée. Elle est appliquée ici au fonctionnement global d'un marché local situé en France, en zone frontalière franco-suisse. La démarche est basée sur une analyse de la segmentation du parc de logements suivant ses caractéristiques et celles de ses occupants et sur la mobilité des ménages entre ces logements. On considère que la mobilité est influencée par la situation de l'emploi local et le contexte socio-économique particulier lié à la frontière, par les cycles de vie des ménages, leur stratégies résidentielles et la disponibilité en logements. L'utilisation de la dynamique de système permet la réalisation d'un modèle représentant l' évolution de la demande de logements en relation avec la mobilité des ménages entre les différents segments. Outil d'aide à la décision, la souplesse d'utilisation du modèle construit permet d'obtenir des résultats très intéressants.","1995"
"Structuration des lignes maritimes régulières de navires porte-conteneurs","Olivier Joly","Les travaux en cours portent sur la structuration des réseaux de lignes maritimes régulières (conteneurs), propre à décrire les flux de conteneurs et leur permanence dans le temps et l'espace maritime. «Etablir un ensemble cohérent de mesures de réseaux maritimes (conteneurs)» pouvant être relié avec les mesures existantes de réseaux de transport terrestre (rail, route) était l'un des buts fixés pour commencer mes travaux sur la localisation des plates-formes logistiques en Europe du Nord-Ouest. La méthodologie propose la construction d'indicateurs de mesures propres aux réseaux de lignes de conteneurs.","1995"
"Un modèle géographique pour analyser les problèmes d'implantation d'une grande infrastructure de transport","Jean Ollivro","De plus en plus, en opposant décideurs et exploitants aux riverains, des conflits se font jour lors des implantations infrastructurelles. Résoudre ces conflits est une tâche extrêmement redoutable. L'ambition de cette communication, est de contribuer à la résolution de ces heurts à l'aide d'une thèse réalisée sur le TGV Méditerranée et d'observations opérées sur le projet TGV Bretagne-Pays de Loire. Ainsi, différentes solutions sont évoquées, plus ou moins radicales suivant que l' on accepte ou non dans sa globalité le processus décisionnel en cours. Elles mènent à la présentation d'un modèle géographique simple permettant de mieux comprendre le processus d'implantation.","1995"
"Le transfert de la connaissance pour la réalisation d'un système expert","Nathalie Dubus","Réaliser un système-expert signifie qu'il faut transférer des connaissances de l'homme à la machine. La transcription de raisonnements d'experts particulièrement complexes nécessite de passer par des phases d'extraction, de modélisation et de formalisation de la connaissance. Chacune de ces étapes devra faire appel à des méthodes de travail spécifiques. La tâche d'acquisition de la connaissance est certainement la plus complexe, la moins formelle, mais aussi la plus intéressante dans le développement d'un système-expert. L'intérêt qui lui est porté va croissant puisqu'elle conditionne la qualité et la pertinence de l'outil réalisé et son efficacité pour l'aide à la décision dans les domaines de l'environnement et de l'aménagement du territoire.","1995"
"AGRIPA: Calcul de coût d'accès par diffusion contrainte sur un espace différencié par système
multi-agent","Alain Touret","Cet article présente un opérateur spatial raster de calcul de coût d'accès à un réseau routier que nous avons développé au Laboratoire de la Montagne Alpine (LAMA) de Grenoble. Nous utilisons un système multi-agent pour simuler de façon pertinente les modes de circulation des individus. Plusieurs sources de diffusion peuvent être mises en concurrence.","1995"
"Présentation d'un système expert« flou» pour la mise en oeuvre d'une politique de développement local","Sophie de Ruffray","L'objectif est de présenter la réalisation d'un système-expert comme outil d'aide à la décision en insistant sur les fondements spatiaux et temporels du développement local sur lesquels repose le système-expert, l'intérêt et les limites d'une approche système-expert pour l'aide à la décision en gestion spatiale, la double spécificité d'un tel outil qui tient compte à la fois des contraintes liées à l'espace en général et des problèmes engendrés par la micro-échelle. Pour respecter l'ensemble de ces contraintes, il s'agit de définir et d'expliciter le concept d'espace géographique, de formaliser rigoureusement les connaissances qualitatives et quantitatives liées à ce micro-espace en faisant appel à la logique floue et de présenter des modèles d'évaluation pour l'aide au diagnostic d'une action de développement local.","1995"
"Proposition d'un système d'aide à la décision en environnement flou","Philippe Quarrey, Caroline Berry, Nand Aggarwal","Dans le domaine social et plus précisément dans celui de l'orientation professionnelle, les prises de décision sont fréquemment sollicitées dans un contexte où les informations apparaissent imprécises et incertaines. Dans de telles conditions, des moyens de représenter et de manipuler des connaissances imparfaitement décrites doivent être utilisés afin de traduire la souplesse de raisonnement de l'esprit humain. Les techniques d'aide à la décision sont alors adaptées pour une application en environnement incertain et flou. Cette étude est réalisée pour l'Association pour la Formation Professionnelle des Adultes (A.F.P.A.).","1995"
"La fabrique du paysage: du quantitatif au qualitatif","Jacques Monnier-Raball","La notion de paysage est à la fois l'image d'une représentation et la résultante du comportement des acteurs sociaux dans le territoire. Le paysage est contradictoirement perçu comme une donnée naturelle et comme un lieu d'aménagement, c'est-à-dire comme une portion de territoire à conserver et comme une portion de territoire à transformer. L'image de synthèse permet de produire des modèles de paysage, dont la visualisation qualitative dépend d'une approche purement quantitative fondée sur des données numériques. IDERALPE développe un instrument informatique interactif d'aide à la décision, en portant l' accent sur le vérisme de la représentation, sur les textures notamment. Si l'usage d'un tel instrument ne s'est pas encore répandu, tout porte à croire qu'ilconstituera bientôt l'interface indispensable entre les différents opérateurs -collectivités, promoteurs, décideurs- et les usagers de l'espace.","1997"
"La géographie de l'écrit à l'écran: nouveaux médias, nouvelles approches","Madeleine Griselin, Serge Ormaux","Les nouvelles technologies de l'information (NTI) pénètrent la société et donc interpellent la géographie, science sociale. Par ailleurs, l'irruption de la géographie sur les réseaux Internet et les supports de type CD-Rom modifient les moyens d'accès de chacun à ce champ du savoir. Pour le chercheur, c'est sans doute une incitation à conduire différemment ses travaux et leur valorisation. Pour le grand public, pour les spécialistes d'autres disciplines, pour les décideurs, c'est sûrement l'occasion de modifier leur regard sur la géographie. Nous avons cherché à y voir plus clair,  à qualifier (et quantifier) l'offre présente sur les services en ligne et hors ligne. Quel contenu et quelle image de la géographie sont véhiculés ? La recherche géographique est-elle présente ? Comment pourrait-elle l'être plus ? Cette communication se veut une réflexion de cadrage sur les immenses perspectives offertes à notre discipline par les nouveaux médias. Nous nous appuierons sur des investigations que nous avons réalisées à travers ces différents supports et qui ne constituent que le début d'une recherche plus développée.","1997"
"Identification d'entités spatiales pertinentes pour la mesur de l'emprise de l'activité agricole sur le territoire","Didier Josselin, Catherine Laurent","L'idée est venue du biais important entachant les données du Recensement Général de l'Agriculture. En effet, la surface agricole utilisée des exploitations est recensée par siège d'exploitation, et non pas en fonction de la localisation réelle des parcelles. Or, chacun sait que les exploitants utilisent souvent des parcelles hors de leur commune. Le but de ce travail est de fournir un nouveau découpage territorial par agrégation de communes. Les nouvelles entités spatiales définies devront minimiser les effets d'emprise intercommunale.","1997"
"Un corpus de données géoréférencées pour la gestion du compartiment physique des hydrosystèmes fluviaux: l'exemple de la Drôme","Norbert Landon, Hervé Piegay","Le géographe de l'environnement apporte aujourd'hui des réponses aux gestionnaires notamment dans le cadre des systèmes fluviaux. Notre équipe a ainsi réalisé l'étude géomorphologique et biogéographique du Schéma d'Aménagement et de Gestion des Eaux (SAGE), pilote dans le bassin du Rhône, celui de la Drôme. L'ensemble de la démarche repose sur la constitution d'une base de données géoréférencées, l'unité élémentaire étant un tronçon de 500 mètres. Les variables collectées sur plus de 200 tronçons sont issues de multiples sources (photographies aériennes verticales ou obliques, profils en long). Ce système a permis :  -de construire des cartes analytiques et synthétiques, c'est-à-dire combinant plusieurs variables (incision du lit et recharge potentielle, diversité de la mosaïque végétale et secteur à conserver ou à restaurer en priorité ... ); - de résoudre des problèmes de recherche fondamentale en établissant des liens statistiques entre les variables (abondance des embâcles de bois et géométrie du lit ; importance de l'enfoncement du lit et recharge locale ; poissons et potentialités d'habitat).","1997"
"Vers une analyse quantitative des micropaysages rivulaires: présentation des premiers résultats","Mélanie Cossin, Hervé Piegay","Les gestionnaires de rivière s'orientent depuis une dizaine d'années vers une gestion dite globale qui implique une approche pluridisciplinaire. Le paysage est considéré comme un élément important à gérer. Néanmoins, ces gestionnaires sont peu ouverts aux approches subjectives proposées par beaucoup de bureaux d'étude. Une réflexion méthodologique fondée sur une démarche quantitative d'analyse des paysages a donc été lancée afin de proposer aux gestionnaires une première trame. Deux points seront ainsi présentés : -les grands axes à prospecter dans le cadre d'une analyse écopaysagère,  -la démarche mise en oeuvre à l'échelle des micropaysages rivulaires. L'analyse des surfaces occupées par les unités d'un paysage photographié, effectuée à l'aide d'une analyse en composantes principales (ACP), permet d'identifier les micropaysages caractérisant la rivière étudiée (le Rhins dans le Beaujolais).","1997"
"Emboîtement d'échelles et télédétection: l'ambiguïté du pixel","Christine Allain, Marie Clairay","L'analyse des paysages ne peut actuellement se faire sans mentionner clairement les échelles, qui méritent de faire l'objet d'une recherche à part entière. Dans la littérature, quand il est fait allusion à telle ou telle échelle, il s' agit implicitement de la surface étudiée. Les géographes manipulent aisément les échelles et intègrent de plus en plus le passage de l'une à l'autre, qualifié par nombre d'auteurs d'emboîtements d'échelles. En télédétection, l'étude des paysages fait appel à différents satellites d'observation de la Terre. Chacun d'entre eux est doté de caractéristiques spécifiques qui déterminent les résolutions spatiales et spectrales. Les images résultantes sont constituées par une mosaïque de pixels dont le contenu est étroitement lié à l'EIFOV (Effective lnstantanous Field Of View ). Ces différences inter-capteurs interpellent le géographe quant à la validité des emboîtements successifs d'espaces ainsi que celle des limites des unités paysagères mises en évidence.","1997"
"Externalités spatiales et modèles de localisation: simulation sur un réseau théorique","Marie-Alexandre Laurent","Cette recherche concerne l'introduction des extemalités spatiales négatives dans les modèles de localisation-affectation. Le modèle de localisation choisi et étendu de manière à incorporer la notion d'externalité spatiale est le modèle de la p-médiane. Différents jeux de simulations théoriques sont réalisés de façon à tester la sensibilité des solutions proposées par les modèles à l'introduction des extemalités spatiales. Deux semis de points ont été choisis (rectangulaire et hexagonal), le réseau est régulier, la demande est homogène et différentes fonctions simples de dispersion des extemalités sont envisagées. Les coûts dus aux extemalités négatives décroissent avec la distance à la source et sont ajoutés au coût de transport.","1997"
"La gestion de l'espace par les organisations logistiques de la grande distribution","Estelle Morcello","Les groupes de la grande distribution alimentaire ont mis en place depuis une quinzaine d'années de véritables organisations logistiques dont l'objectif est l'approvisionnement optimal de leurs magasins. Les pièces centrales de ces dispositifs sont les dépôts ou les plates-formes. La localisation de ces bases est donc déterminante pour comprendre la structure des flux de marchandises agro-alimentaires (volume, fréquence, itinéraires ... ) sur le territoire français. Le but de cette recherche est d'identifier les critères, spatiaux ou non, qui décident de la forme et du fonctionnement d'une organisation logistique; il s'agit ainsi de trouver des règles communes d'application de ces critères et de déterminer l'imponance de chacune de ces règles pour chaque groupe de distribution étudié (une dizaine).","1997"
"Des cartes pour révéler la mobilité de part et d'autre du Rhône moyen depuis 1975","Stéphane Leroy","Aujourd'hui encore, le mythe d'un Rhône «fleuve-frontière» continue d'habiter les esprits de ses riverains et d'interférer dans les décisions des acteurs économiques et politiques. A partir de l'analyse de l'évolution de la mobilité transrhodanienne pour l'emploi entre Valence et Avignon depuis 1975, cette contribution cherche a montré que l'idée a vécu et que, si la dissymétrie historique entre ses deux rives perdure, le Rhône est de plus en plus perméable et donc de moins en moins structurant. C'est l'outil le plus simple de la géographie, mais le plus fondamental, qui nous permet de mettre en évidence l'«effacement » inéluctable du Rhône : la carte (qui peut être relayée par le modèle graphique).","1997"
"Des images fréquentielles pour l'analyse des densités urbaines","Charles Schneider","La contribution proposée est une application du procédé IRISOS de traitement d'image géographique que j'avais présenté lors des premières Rencontres de Théo Quant. A panir d'une surface de densités urbaines connues, on reconstitue, à l'aide d'un référentiel ondulatoire, la structure des mouvements de densification, de leur emboîtement et de leur superposition. On passe de la forme à une image des processus qui rendent compte de la forme.","1997"
"L'analyse d'image appliquée à l'étude de la diffusion spatiale d'une innovation: le cas du réseau Itinéris","Céline Tritz","France Télécom, jusqu 'alors leader sur le marché français des télécommunications, a développé ces trois dernières années son propre réseau de télécommunication mobile : ltinéris. Ce réseau est le résultat d'une récente innovation, fondée sur un nouveau standard numérique de transmission, le GSM (Global System for Mobile Telecommunications). L'opérateur français diffuse son réseau de deux manières: d'un point de vue technique, avec l'équipement du territoire, d'un point de vue commercial, avec des politiques publicitaires alléchantes. La plupart des travaux qui étudient la diffusion, concernent les adoptants potentiels, leur répartition et leur contagion par le phénomène. Dans notre étude, nous prenons appui sur les cartes de couverture éditées régulièrement dans les fascicules ltinéris pour analyser les processus d'expansion du réseau. La détection des formes de la diffusion et des règles qui régissent l'équipement a été menée grâce à l'analyse d'image et au moyen de la morphologie mathématique. La méthode présentée permet de coupler différentes couches d'information, mais surtout d'effectuer des mesures à l'aide de transformations d'images. Bien qu'encore à l'état d'ébauche, elle peut s'appliquer à tous types de données spatialisées et peut être utilisée pour décrire de manière qualitative et quantitative les formes, pour déterminer les règles de diffusion et, dans le cadre d'une étude prospective, pour quantifier les paramètres d'un modèle probabiliste de diffusion.","1997"
"Repésentation en relief des réseaux de transport de l'Arc Atlantique: déformations de l'espace-temps en « vallées » et « montagnes »","Alain L'Hostis","Le point de départ de ce travail est la construction d'un graphe du réseau de transport multimodal en trois dimensions. Cette structure est utilisée pour générer une représentation de l'espace-temps basée sur les vitesses moyennes des modes de transport. Le différentiel de vitesse crée des vallées d'espace-temps qui dévoilent les « vraies proximités» et qui démasquent «les fausses » selon les mots de Jacky Perreur. Il y a deux méthodes de construction : rejeter au-dessus ou bien au-dessous du plan des villes les liaisons moins performantes. La comparaison de ces deux méthodes est l'objet de cette communication.","1997"
"Modélisation des relations entre l'activité agricole et le territoire: essaie de prédiction de l'utilisation des parcelles agricoles dans douze commune de la Haute-Marne","Pascal Thinon, Etienne Landais, Pascal Pierret, Christophe Perrot","Cette communication présente un modèle de prédiction de l'utilisation des parcelles agricoles en fonction de certaines de leurs caractéristiques physiques (pente, type de sol...) et géométriques (taille,forme), de leur distance au siège de l'exploitation et de leur appartenance à un type donné d'exploitation. Ce modèle s'inscrit dans le cadre plus général du programme de recherche « MAP » (Modélisation, Agriculture et Paysage), en cours de réalisation à l'unité SAD (Systèmes Agraires et Développement) de l'INRA de Versailles, dont certains choix méthodologiques sont en cours de validation et dont les résultats obtenus sont encore partiels. La première partie de cette communication présente les grandes lignes du programme « MAP »· La deuxième partie présente le modèle de prédiction de l'utilisation agricole mis au point pour quelque 1100 parcelles échantillonnées dans 12 communes du département de la Haute-Marne.","1997"
"Occupation du sol et structure socio-économique: étude de la dimension sociale du paysage","Jean-Christophe Foltête","L'occupation du sol, qui représente l'interaction spatiale entre les systèmes naturels et humains, matérialise une partie de la production du paysage. Notre étude vise à mettre en évidence les relations entre la composition communale d'occupation du sol et la structure socio-économique sous-jacente, dans le département du Doubs. Une typologie communale d'occupation du sol est construite à partir de l'infonnation Corine Land Cover, par analyse des correspondances multiples et classification. Ensuite, un modèle statistique est ajusté, de manière à prédire le type de paysage présent dans une commune, à partir de ses caractéristiques socio-économiques. La technique utilisée est l'analyse factorielle discriminante, dans une optique plus exploratoire que décisionnelle.","1997"
"Conséquences spatiales du processus de «suburbanisation étendue » : outils et méthodologies permettant de les mesurer","Xavier Duyck","Le processus de « suburbanisation étendue » peut être rendu responsable, par son seul déroulement, d'une série de conséquences sur la répartition spatiale et/ou temporelle des résidences principales des populations « urbaines » à la périphérie des villes. A priori, différentes répartitions spatiales dites « rurbaines » peuvent être déduites selon que ce processus dynamique de localisation agit dans un milieu homogène et isotrope ou qu'il se met en place dans un milieu hétérogène et/ou anisotrope ; ces répartitions peuvent être quantitativement appréhendées dans leurs différences par divers outils et méthodologies. Des hypothèses peuvent ainsi être formulées et leurs confrontations à des répartitions spatiales empiriques devraient permettre d'éprouver la validité du processus ainsi que d'identifier les caractéristiques du milieu sur lequel il se met en place.","1997"
"Une méthode de carroyage pour déterminer des niveaux d'accessibilité routière en milieu rural: possibiliotés et contraintes","Sophie Passegué","Un système d'information géographique en mode raster (IDRISI) est utilisé pour mesurer des niveaux d'accessibilité à une échelle intra-cornmunale dans un espace à forte ruralité (pays et arrière-pays du Rhône moyen). L'entrée est résolument spatiale puisque le modèle de données utilisé est a priori plus adapté à l'étude des surfaces qu'à celle des réseaux. Mais le caractère très ténu de l'information, dans le type d'espace retenu, pose l'aréal en principe essentiel d'organisation, interdisant une modélisation réticulaire des lieux de l'offre et de la demande, et des espaces qui les séparent. Au delà d'une simple rasterisation du réseau, l'élaboration d'un modèle de rugosité routière et la désagrégation de la population sont un des moyens d'enrichir les approches plus classiques de l'accessibilité (théorie des graphes) aux équipements et offrent de multiples ouvertures pour l'analyse spatiale, la compréhension des organisations et l'aménagement du territoire. Par ailleurs, les pixels ne sont plus seulement des éléments de l'espace mais des unités spatiales auxquelles peuvent être appliqués différents traitements statistiques.","1997"
"L'accessibilité aux grandes infrastructures de transport: analyse et modélisation","Laurent Chapelon","Le logiciel NOD, développé au laboratoire du CESA, a été conçu pour permettre l' évaluation des répercussions  spatio-temporelles de projets de modification de l'offre de transport (infrastructures, réglementations, fréquences, horaires, etc.). Dans ce cadre, un module spécifique vient d'être développé afin de tester les critères d'accessibilité retenus par la loi d'orientation pour l'aménagement et le développement du territoire. La loi stipule qu'en 2015, « aucune partie du territoire métropolitain continental ne sera située à plus de 50 kilomètres ou de 45 minutes d'automobile soit d'une autoroute ou d'une route express à 2 fois 2 voies en continuité avec le réseau national, soit d'une gare desservie par le réseau ferroviaire à grande vitesse ». Notre principe de modélisation, basé sur la description des réseaux par des graphes valués, nous a permis, après détermination automatique des jonctions nodales et calcul des cheminements optimaux en temps et en kilomètres, de caractériser chaque noeud selon : 1) le nombre et la nature des critères respectés; 2) l'excédent ou le déficit d'accessibilité par rapport à chaque critère pris séparément; 3) les fonctions assurées par le noeud majeur le plus proche des noeuds étudiés. Les cartes d'accessibilité produites montrent les zones d'intervention nécessaire pour respecter les critères de la loi mais également pour tout critère défini par l'utilisateur du modèle. A ce titre, une modification du seuil temporel d'accessibilité aux infrastructures rapides a été simulée (test avec 30 et 60 minutes) afin d'étudier l'évolution des zones d'intervention. Les applications portent sur l'espace français (518 noeuds) et sur un zoom spécifique en Région Poitou-Charentes ( 190 noeuds).","1997"
"Le modèle gravitaire est-il un outil adapté à la modélisation des flux téléphoniques?","Pascal Gillon","Le modèle gravitaire est un des principaux outils utilisés dans l'interaction spatiale pour appréhender les déplacements des personnes ou des biens. A partir de la masse respective des lieux et de la distance les séparant, il permet de reproduire  assez fidèlement la réalité, grâce à l'optimisation de l'exposant de la fonction distance et d'un coefficient pondérant le produit des deux masses (modèle gravitaire simple). Nous nous sommes donc servis de cet outil pour modéliser les flux téléphoniques entre les villes françaises. Il apparaît toutefois qu'il ne tient pas compte de façon explicite des occasions interposées, ni de l'effet de seuil suscité par la tarification (fonction distance continue). Un nouveau modèle a alors été créé prenant en compte l'aspect tarifaire (fonction discrète) ainsi que les occasions interposées et intégrant une notion de fréquence des appels.","1997"
"Diffusion des innovations et fonctionnement des systèmes urbains: comparaison Allemagne de l'Ouest, France","Sophie Baudet-Michel","Quelques travaux de recherche ont montré qu'au cours des dernières décennies et dans un contexte européen de plus en plus prégnant, il y a accentuation de la métropolisation. Par ailleurs, il semble que l'on puisse identifier deux formes principales d'organisation des réseaux urbains nationaux: l'organisation de type parisien, centralisée et très polarisée qui favorise le développement de relations hiérarchiques, d'une part; l'organisation de type rhénan, réticulaire qui favorise le développement multiple de relations transversales entre les villes, d'autre part. Dans ce cadre, on s'est interrogé sur l'évolution des distributions spatiales des services aux entreprises. Sachant que les services aux entreprises font partie d'un cycle d'innovations économiques (le cycle de l'information) qui se diffuse dans les systèmes urbains nationaux depuis quelques décennies, et connaissant la forte tendance de cette activité à adopter une localisation métropolitaine, on pense pouvoir ainsi étudier la double dynamique des villes au niveau national et au niveau européen. Par delà les invariants de la diffusion des innovations, on a posé la question de l'existence d'une relation entre une forme particulière de système urbain et les modalités de la diffusion des innovations économiques.","1997"
"L'effet frontière dans les modèles d'interaction spatiale: les échanges économiques dans l'Europe des quinze depuis 1973","Didier Robert","L'existence de limites entre deux unités spatiales se traduit généralement par une diminution des échanges entre ces espaces: on parle « d'effet frontière ». L'analyse géographique de « l'effet frontière» repose sur la construction de modèles « d'interaction spatiale » qui mettent en valeur la structure des échanges. On peut ainsi déterminer, une fois isolés les effets de la distance et de la taille économique des espaces étudiés, l'existence ou non de cet effet d'appartenance. De plus, il peut être pris en compte directement dnns un modèle « d'interaction géographique » qui définit simultanément le frein de la distance et l'effet frontière. Selon ces méthodes, l'étude des échanges économiques, de 1971 à 1994, entre les quinze pays formant l'actuelle Union européenne, foumit une mesure de l'intégration économique et politique de cet ensemble. On y remarque une structure originale des échanges en début de période, dans laquelle un ensemble de relations privilégiées liant les Iles britanniques et l'Europe du Nord faisait pendant à l'Europe des six. On constate aussi l'originalité de l'évolution de la structure des échanges, ainsi que la disparition progressive et attendue de « l'effet frontière » existant au début des années 70.","1997"
"Infrastructures publiques et localisation des activités","Sylvie Charlot","On s'intéresse aux liens entre dépenses publiques et répartition spatiale des activités. L'accent est mis sur les modèles régionaux de localisation. La première partie est consacrée à la construction d'un modèle d'équilibre régional s'inspirant de celui de Krugman, avec dépenses publiques. Le capital public est produit grâce à un impôt prélevé sur le produit national. Il est réparti de façon exogène entre deux régions. On fait l'hypothèse que le capital public joue sur la productivité des entreprises locales. L'introduction d'un secteur public modifie les conditions d'équilibre. La seconde partie s' intéresse aux conditions d' équilibre de court terme et à la répartition des activités industrielles en fonction de la répartition spatiale du capital public.","1997"
"La réalisation d'une autoroute dynamise-t-elle les territoires traversés et influence-t-elle le comportement des acteurs?","Marie-Agnès Lanneaux","La mise en place de l'Observatoire de l'autoroute A 39 a permis et permettra de mesurer et de comprendre les effets d'une grande infrastructure de transport sur l'organisation et la gestion des territoires traversés. L'objectif de cette communication est de donner les principaux résultats de l'étude réalisée sur trois années ( 1993-1996). Elle montre que la construction d'une autoroute comme l'A 39 entraîne des modifications dans l'organisation et la gestion du territoire. Mais ces changements se différencient en fonction du « territoire récepteur » et des acteurs locaux qui mettent en place des stratégies d'aménagement et de développement. Des lieux particuliers sont privilégiés ; le développement de certaines zones est ainsi indissociable de la volonté et du dynamisme de quelques acteurs.","1997"
"Le rôle de l'espace dans l'histoire d'un territoire d'exception, le Luberon","Cécile Helle","Produit culturel et médiatique, arrière-pays revivifié et colonisé épisodiquement par le Nord, le Luberon fonctionne depuis plus de quarante ans avec une emprise touristique croissante. Tour à tour baptisé « refuge estival pour Parisiens branchés », « annexe du seizième arrondissement» ou «nouvelle Côte d'Azur sans la mer», ce système spatial présente dans son fonctionnement actuel peu de points communs avec le temps où l'on y devenait encore propriétaire pour une bouchée de pain et où les autochtones regardaient d'un air amusé la poignée d'artistes venant investir les vieilles pierres abandonnées par eux-mêmes quelques décennies plus tôt. C'est qu'en près d'un demi-siècle un certain nombre de perturbations productrices de sens et d'identité se sont succédées et ont participé à la mise en désir de ce territoire. Tout au long de ce processus, l'espace du Luberon, par ses propres composantes, s'est affirmé comme un réel acteur de son devenir.","1997"
"Information et décision territoriales: enjeux institutionnels et mutations technologiques. Révision du SDAU de la région urbaine de Grenoble","Grégoire Feyt","La multiplication des SIG au sein des institutions territoriales pose trois problèmes majeurs:  -la nécessaire « systémisation » et « codification» de la (ou des) vision(s) du territoire que les techniciens sont amenés à produire ou manipuler; - le risque que ce mouvement de fond tende à renforcer la «balkanisation » de l'information territoriale au lieu d'être mis à profit pour permettre l'élaboration d'un panorama synthétique et dynamique d'un territoire et de son évolution ; - le traditionnel décalage que l' introduction de nouvelles technologies révèle, au moins dans un premier temps, entre spécialistes (les « analystes» et gestionnaires du territoire) et usagers (élus et citoyens). La communication vise à présenter un projet co-animé par l'Agence d'urbanisme de la région grenobloise, le syndicat mixte pour le schéma directeur et des chercheurs, géographes ou sociologues :considérer l'élaboration du schéma directeur tout à la fois comme un enjeu et une opportunité à même de favoriser la mise en place d'un partenariat institutionnel au plan méthodologique et technique en vue de l'élaboration d'un Système d'lnformation Territoriale durable et fiable au service de la concertation et de la décision territoriale.","1997"
"Comportements d'acteurs et dynamiques territoriales","Cécile Tannier","Notre projet est de concevoir un outil d'aide à la décision en matière d'aménagement urbain, s'appliquant aux stratégies de localisation des entreprises commerciales. Il est basé sur la modélisation des interactions entre des acteurs (décideurs, groupes d'agents socio-économiques) et leur territoire. Deux idées fortes sous-tendent ce projet. La première est que l'espace représente un type d 'acteur particulier, qui agit sur le comportement des agents socio-économiques et qui, en retour, est modifié par eux. La seconde consiste à intégrer le raisonnement des équipes municipales (qui sont les décideurs en matière d'aménagement urbain) dans le modèle, afin d'obtenir un outil réellement utilisable par celles-ci.","1997"
"Mise en place d'une base de données pour le guidage automobile en milieu intra-urbain","Christine Matoux-Lamberts","La banque de données urbaines de l'Atelier parisien d'urbanisme a un important patrimoine de données cartographiques. Outil centralisé et généraliste, il est essentiel qu'il opère un redéploiement vers des outils cartographiques décentralisés, tournés vers l'aide à la décision dans le territoire. Une base «filaire » sur Paris et les trois départements limitrophes concentre l'information sur les voies. Le contenu de la base, les modalités de collecte et de maintenance ainsi que deux applications sont ici abordés: l'utilisation des données pour le guidage cartographique à bord des véhicules et la géocodification.","1997"
"La métrique du paysage: deux indicateurs spécifiques du relief pour l'aménagement de l'espace","Kamal Serrhini","Le paysage intéresse des acteurs de plus en plus nombreux travaillant dans des domaines multiples. En aménagement et urbanisme, la mise en place de nouveaux projets conduit souvent à leur simulation afin d'appréhender la question de l'intégration et de l'impact sur l'espace. L'objet de mon travail de recherche est de développer une méthode pour quantifier les variations d'un paysage. Ces dernières peuvent être dues à des facteurs « naturels » ou anthropiques. Dans le cadre des «Troisièmes rencontres de Théo Quant», nous nous sommes intéressé aux questions de modélisation et d'étude des variations spatiales du relief. Ainsi, nous avons mis au point un modèle permettant, d'une part, de représenter de différentes façons un espace quelconque en trois dimensions et, d'autre part, de simuler la diffusion de personnes par percolation selon certains critères (altitude, chemin le plus court ... ), l'objectif étant de mettre à disposition des acteurs de l'aménagement un outil d'aide à la décision en matière d'approche du paysage.","1997"
"Approche géographique du bruit dans l'espace urbain: l'exemple de Besançon","Hélèné Houot","Élément de qualité de vie encore peu exploré par les géographes, le bruit est cependant un concept intéressant pour eux dans la mesure où il permet le rapprochement du territoire et des réseaux dans leur réflexion sur la ville. Basée sur la définition que donne l'AFNOR de ce concept, notre problématique consiste à rechercher les liens entre la structure physique et fonctionnelle d'un espace urbain et le bruit qui y est produit. De cette idée découle trois pistes de réflexion :  -élaboration d'un modèle des potentiels de gêne selon les situations géographiques et acoustiques couplant système à base de connaissance et système d'infonnation géographique, - analyse des générateurs de bruit et des champs acoustiques détenninés par les principaux types de tissu bâti, -création d'indicateurs (de densité de population notamment} visant à pondérer les potentiels de gêne dans le cadre de l'aménagement de l'espace.","1997"
"La logique tout/partie: fondement scientifique d'un langage des géographes","Georges Nicolas","Périodiquement, les géographes éclatent en spécialisations liées aux évolutions scientifiques et aux fluctuations idéologiques. Consécutivement, cet éclatement entraÎne des tentarives de réunification. En 1978- 1980, au début de la phase actuelle d'éclatement, trois axiomes de la géographie (chorologique, de situation , chronologique) étaient proposés pour remplacer les principes vidaliens unifïcateurs de la géographie. Le mécanisme de base des axiomes, la différenciation /différentiation, était exact, mais la formulation de l'axiome chorologique était circulaire. Celui-ci a été reformulé sous la forme de deux défïnirions chorologiques de l'objet de la géographie servant de fondement à une logique. Cette dernière n' est pas une énième tentative de réumfïcation des géographies mais un point de départ pour créer un langage permettant la communication entre les géographies. Les deux autres axiomes qui renvoient à des principes qui ne sont pas propres aux géographies sont abandonnés.","1999"
"Analyse spatiale et phénomènes géographiques","Jean-François Hangouët","L'expression ""analyse spatiale"" est vague en géographie, mais deux champs de pratiques complémentaires aident à la préciser: il y a, d'une part, l' analyse spatiale exploratoire, qui est, comme l'illustre la chorématique, le questionnement de quelques données géographiques mystérieuses (quel sens ont-elles?}, d'autre part, peut-être moins intentionnelle, quoique la généralisation cartographique en fournisse un exemple intensif, l' analyse spatiale constitutive, ou l'acceptation des données dans leur disposition spatiale (ces signes sont en relation cartographique). L'une et l'autre analyses sont fertiles car le scientifique, géographe ou cartographe, loin de se contenter des données, ressent immédiatement à travers elles ce qu'elles représentent du monde réel, les prend naturellement comme manifestations de phénomènes géographiques. Leur automatisation en revanche est rendue délicate par le fait que les données numériques n'évoquent rien à l'ordinateur et que leur indigence (des traces au lieu de formes, des listes au lieu de répartitions) les éloigne des référents attendus par l'utilisateur. Le sens géographique des données numériques, s' il n'est pas stocké, se laisse cependant rappeler à partir d'elles grâce à l' attitude du chercheur en sciences de l'information géographique, attitude que nous décrivons ici, d' un point de vue d'ordre épistémologique, sous le nom de phénoménologie.","1999"
"Concepts pour la description de bases de données multi-représentation","Christelle Vangenot","L'une des limitations majeures des modèles de données spatiaux actuels est leur pauvreté quant aux possibilités de gérer plusieurs représentations différentes des mêmes objets géographiques selon différents points de vue ou selon différents niveaux de résolution. Dans cet article , nous identifions tout d'abord quels sont les besoins induits par la présence de représentations multiples des mêmes objets puis nous proposons des concepts permettant d'associer plusieurs représentations à un objet, de décrire la validité des associations topologiques, de relier des objets qui se correspondent à différentes résolutions et enfin, de décrire et d'interroger les objets et leurs attributs à des niveaux de résolution sémantique différents.","1999"
"L'approche systémique comme outil de structuration de bases de données spatio-temporelles","Marie-Hélène De Sède, Alexandre Moine","Les territoires regroupent des entités spatio-temporelles dont le fonctionnement repose sur les rapports établis entre différentes catégories d'acteurs. Les différentes bases de données qui les décrivent, rendent cependant peu compte de cette complexité induisant à terme une exploitation partielle d'un pottentiel informationnel cependant très riche. Ainsi, les données territoriales sont souvent réduites à leur seule dimension graphique, la mise en cohérence de bases de données hétérogènes pose des problèmes sémantiques et structurels conséquents, les résultats de leur exploitation sont faiblement pérennisés. Bon nombre des problèmes identifïés trouvent leur origine dans un manque de conceptualisation à l'amont des phases pratiques d'exploitation, lors des étapes de modélisation et de structuration des bases de données.  L'objectif de cette recherche est de proposer une méthodologie de structuration de bases de données spatio-temporelles basée sur: -une approche systémique de la conceptualisation des relations entre entités territoriales et acteurs ; - la proposition d'une structure d'accueil des données générique prenant appui sur l'approche systémique amont et indépendante des applications aval; - un formalisme de modélisation intégrant la dimension spatio-temporelle des entités.","1999"
"MADS ou l'information spatio-temporelle à portée de ses utilisateurs","Christine Parent, Esteban Zimanyi, Pier Donini, Corinne Plazanet, Stefano Spaccapietra, Christelle Vangenot","Malgré les bienfaits reconnus de l'approche conceptuelle pour la modélisation d'applications , les modèles conceptuels spatio-temporels existants ne satisfont pas les besoins des concepteurs. Dans cet article nous présentons brièvement le modèle MADS selon trois axes: concepts structurels, concepts spatiaux, concepts temporels. L'orthogonalité des concepts permet d' obtenir un modèle à la fois simple (puisque ces concepts sont indépendants) et puissant (puisque les concepts peuvent être combinés librement). Le modèle a été implanté et des traductions existent vers d'autres modèles opérationnels.","1999"
"La mesure d'indicateurs locaux considérée comme un ""bootstrap spatial""","Jean-Christophe Foltête","Notre démarche consiste à lier deux techniques sans rapport apparent: bootstrap et indicateurs locaux. Le bootstrap est une méthode de rééchantillonnage destinée à observer la stabilité de toute mesure statistique; les calculs d'indicateurs locaux consistent à itérer un calcul de lien entre variables en sélectionnant successivement le voisinage spatial des unités étudiées. Dans les deux cas, l'analyse ne se fonde plus sur un modèle unique mais sur une grande série de sous-échantillons. Sous cet angle, les indicateurs locaux servent à observer la stabilité spatiale de toute mesure statistique. Nous tentons de montrer leur intérêt par rapport à un modèle global, à travers un exemple précis: la relation entre densité de population et mobilité quotidienne des actifs en Franche-Comté.","1999"
"Du quantitatif au qualitatif, la décision paysagère","Jacques Monnier-Raball","L'expression « décision paysagère » paraît de sens commun. Cependant, elle ne laisse pas d'être équivoque. Elle suggère d'abord que l'on considère l'état actuel d'un contexte donné, sans prendre en compte 1 'évolution plus ou moins rapide du milieu naturel: 1 'on ne saurait donc distraire arbitrairement un instant d'un processus en cours. Ensuite, ladite expression suggère que le paysage trouve en lui-même sa propre fin. Enfin, elle suppose que toute décision à 1 'endroit de 1 'environnement entraîne des conséquences prévisibles, probables, voire certaines, suivant une logique causale, soit un enchaînement de principes et d'effets purement linéaire, sans tenir pour décisif son caractère systémique: toute démarche dans l'espace et dans le temps implique un certain nombre d'aléas ...","1999"
"Système de mise en place d'un sytème d'informations territoriales sur les estuaires: application à l'embouchure de la Seine","Jean-Côme Bourcier","Cette recherche propose la mise en place et l'exploitation opérationnelle d'un système d'information géographique (SIG) spécifique à l'estuaire de la Seine à travers une base de données géographiques plurithématiques. L'objectif est de concevoir un système d'informations territoriales englobant la diversité des aspects environnementaux du milieu estuarien et présentant un caractère méthodologique transposable. Dans le cadre du programme national de recherche sur les zones humides, ce système a démontré son efficacité en améliorant la compréhension de ces zones par croisement pertinent d'informations géographiques.","1999"
"Le projet SIGAUR (Système d'Information Géographique et Accoustique Urbaine): nouvelles perspectives d'analyse spatiale des nuisances sonores","Erwan Quesseveur","Cet article présente un projet de recherche traitant de l'intégration d'une couche d' information de nuisances sonores dans un système d' information géographique. Après un développement sur l'état de la pollution sonore et les moyens au jourd' hui en vigueur pour la combattre, on va montrer les nouvelles perspectives offertes pour  l'analyse spatiale des nuisances sonores. En confrontant l'exposition sonore du territoire à sa vulnérabilité au regard du bruit, on veut proposer un critère de décision spatialisé pour l'aménagement du territoire.  Ce projet résulte d'une collaboration entre le Centre scientifique et technique du bâtiment CSTB) et l'équipe ""système d' information géographique"" de l'Institut de Géographie Alpine (Grenoble).","1999"
"Construire ses cartes: le développement d'outils statistiques interactifs intégrés à un système d'information géographique","Benoît Ogier","Les systèmes d'exploitation des micro-ordinateurs proposent aujourd'hui des intelfaces conviviales. En outre, certains micro systèmes d'information géographique offrent des possibilités intéressantes de développement par l'intermédiaire de << plug ins >> , dans les langages de programmation les plus courants (Pascal, C, Delphi .. .). C'est sur ces bases que nous avons pu compléter les fonctionnalités d' un micro système d'information géographique (requêtes spatiales, calcul d'itinéraire , gestion de données. cartographie ... ), par une série de modules statistiques et graphiques.< br/>                                                                                           Ces outils mettent à la disposition de l'utilisateur toutes les informations statistiques et représentations graphiques nécessaires à une analyse complète des données. En effet, les modules sont liés entre eux, ce qui permet d'aborder une étude sous plusieurs angles simultanément et de comparer les résultats de différentes méthodes. De plus, une mise à jour automatique de la carte s'effectue dès que l'on procède à une mise en classes à l'aide d'un des modules. On est donc en présence d'une complète interactivité système d'information géographique-cartes-statistiques.< br/>   Mais on peut aller plus loin et envisager l'expérimentation d'autres outils graphiques, notamment pour l'exploitation des résultats d'analyses factorielles.","1999"
"Image, apprentissage, appropritation visuelle de l'espace","Robert Borodkine","L'image est un élément-clé qui accompagne la démarche géographique dans ses multiples aspects: paysage lisible, télédétection ou plus largement appréhension spatiale des phénomènes. De ce point de vue , le traitement automatique de l'image présente un intérêt avéré, mais , malgré des atouts indiscutables, il ne rivalise pas encore en tous points avec la vision humaine dont l'adaptativité reste inégalée. Aussi avons-nous entrepris des travaux plaçant l'apprentissage comme terme central de l'analyse d'image. Ils sont conçus comme une confrontation entre approche cybernétique et approche géographique, cette dernière étant basée sur un rapport à l'espace prenant en compte ses dimensions objectale, fonctionnelle, et subjective. Nous avons notamment approfondi les concepts de représentation et de corrélation. Ces recherches débouchent sur un modèle fondé sur les notions d' apprenabilité et d'appropriation perceptive de l'environnement. Ce modèle éclaire d'un jour nouveau les relations que nous entretenons avec l'espace, objet de perception sensible et de structuration mentale, mais aussi la problématique même de la modélisation du système que constitue l'environnement dans son acception la plus globale.","1999"
"La graphe et la graphie de la Terre: un exercice formel pour commémorer le bicentenaire du ""voyage aux Amériques equinoxiales""","Hervé Gazel","Cette communication porte sur la migration de connaissances géographiques écrits vers un support numérique. Une telle migration peut se concevoir comme une hypertextualisation. Elle passe par l'examen de la relation entre le graphe et l'écriture géographique. L'exemple de la classifïcation des climats qui renvoie aux travaux de Humboldt permet de montrer comment la mutation de connaissances géographiques est liée à l'analyse de la relation entre graphe et graphie de la terre.","1999"
"Taxonomie et télédétection: la persistance des noms lors des changements de résolution","Denise Blamont, Marcel Raffy","Les règles régissant les rapports entre nomenclature radiométrique et changement de résolution sont exposées ainsi qu'une méthode d'élaboration d'une taxonomie basse résolution à partir d'une nomenclature haute résolution. Un exemple de cartographie d'une région himalayenne à partir d'images de résolutions différemes illustre cet exposé.","1999"
"Observations de terrain et télédétection (Baie du Roi, Svalbard Nord-Occidental)","Dominique Laffly","Les observations de terrain sont fondamentales en télédétection: selon la finalité de l'étude, la description des paysages observés sera plus ou moins détaillée. Une simple reconnaissance des principaux postes d'occupation du sol demande peu d'indicateurs et ne nécessite pas une localisation à la tachèle près. En revanche, l'analyse du contenu des pixels en vue d'une modélisation statistique s'appuie sur une description thématique détaillée de points localisés très précisément. Dans ce cas les images utilisées doivent être correctement géoréférencées et la localisation sur le terrain se fait à l'aide d'un GPS différentiel. Reste le problème du choix des points à analyser ainsi que celui de l'observation de leur ""contenu"" . Nous présentons dans cet article une méthode qui vise à répondre à ces deux questions. Notre approche est fondée sur la technique du sondage systématique non-aligné. Cette dernière permet de tenir compte à la fois de la luminance des points observés et de leur localisation pour définir le plan d'échantillonnage. Les exemples présentés sont issus d'une étude réalisée sur les sandurs de la presqu'île de Brøgger au Svalbard nord-occidental (images SPOT XSP ).","1999"
"Utilisation et évaluation de la télédétection dans l'étude du développement urbain: exemple de l'agglomération oranaise (Algérie)","Nourredine Benabadji, Abdelkrim Benammar, Abed Bendjelid, Kheira Tabet Aoul","L'objectif de cet article est de voir dans quelle mesure l'analyse d'images satellitaires peut contribuer à l'étude de la croissance urbaine dans notre pays. Nous avons constaté que la ville d'Oran , deuxième ville d'Algérie, présente des zones d'extension privilégiées (à l'est et au sud) ; cependant cette dynamique bien souvent démesurée , s'est faite sans souci préalable de la ""qualité urbaine"". Cette étude comporte deux parties: a) nous commençons par mettre en évidence l'ampleur de cette croissance, souvent non planifiée, et la rapidité de son développement, tout en situant les directions prioritaires. Cet exercice est élaboré sur la hase de classifïcations faites sur deux images satellitaires multispectrales (spot XS 1986, et 1995): b) dans un travail complémentaire, en cours d'élaboration , nous essayons de faire des projections futures quant au devenir de cette frange urbaine et à sa capacité à accueillir des opérations de réaménagement.","1999"
"Paysage d'estives: de la télédétection à la cartographie de synthèse","Muriel Harguindeguy","Dans les Pyrénées les estives sont les pâturages d'altitude. Milieux sensibles, en pleine mutation , convoités et enjeux d'une économie fragile, ils font l'objet d'une attention particulière. Dans cette optique, leur connaissance fine est plus que jamais nécessaire afin de réaliser des diagnostics pastoraux pertinents. Ceux-ci impliquent de disposer de cartes des compositions végétales en relation avec leur valeur pastorale sur de grandes superficies. L'acquisition de cette information peut être facilitée par l'utilisation de la télédétection qui permet de produire des cartes thématiques de l'occupation du sol dans une perspective appliquée (cartes des valeurs pastorales, de la charge animale potentielle .. .).","1999"
"Analyse systématique du paysage visible à partir de photographies au sol: exemple du bassin du Loven Est, Baie du Roi, Svalbard","Madeleine Griselin, Serge Ormaux","Des procédures d'échantillonnage photographique et d'analyse systématique des clichés ont été développées par les géographes bisontins à partir de plusieurs études concernant les milieux tempérés. Le travail présente une adaptation de la méthode à un milieu essentiellement abiotique. Les paysages d'un bassin partiellement englacé du Svalbard (Loven Est) ont fait l'objet, en 1998, de relevés à très grande échelle selon un double échantillonnage spatial et temporel. La structure de la banque d'images et les principes de son exploitation sont ensuite exposés.","1999"
"Concentration spatiale des accidents de la route: méthode d'identification des zones noires basée sur l'autocorrélation spatiale, application et étude de sensibilité","Benoït Flahaut","L'objectif de cette contribution est d'identifier les lieux de concentration spatiale d'accidents de la route sous la forme de :ones noires plutôt que de points noirs. L'application d'une méthode géographique d'analyse basée sur des mesures locales d'autocorrélation spatiale permet de localiser ces zones noires. La pertinence de la méthode est considérée, et une étude de la sensibilité des résultats à différents niveaux de contiguïté et à plusieurs fonctions de pondération est proposée. Les résultats sont également comparés à ceux obtenus par une mérhode statistique de lissage par noyau. L'application de la méthode à quelques routes montre concrètement son adéquarion et son applicabilité au problème de la localisation des zones noires.","1999"
"Diagnostiquer le risque routier par une approche géographique: premières considérations","Florence Huguenin-Richard","L'analyse géographique du risque routier est une approche mineure en accidentologie. Pourtant, la prise en compte de l'espace à travers les notions de proximité, distance, localisation, doit pouvoir mettre à jour des facteurs d'insécurité, notamment des facteurs liés à l'environnement de  l'accident de la route. Actuellement, le développement de hases de données spatiales et leur intégration dans des systèmes d'information géographique sont en augmentation. Or, leur exploitation nécessite l'utilisation de méthodes d'analyse adaptées d'une part, à la nature et à la richesse de l'information et d'autre part, aux problèmes de diagnostic et d'estimation du risque routier.  Notre réflexion, conduite sur le territoire de la communauté urbaine de Lille, porte sur les problèmes d'estimation du risque par des méthodes spatiales: problème d'échelles d'observation du risque et d'agrégation de données, choix des estimateurs du risque, intégration de caractéristiques spatiales comme facteur d'insécurité.","1999"
"Représentation surfacique d'événements ponctuels discrets: comparaison méthodologique à partir de la distribution des accidents de la route dans la communauté urbaine de Lille","Arnaud Banos, Jérome Bolot","L'identification visuelle de structures spatiales à partir d'un semis de points est une tache délicate , pour peu que le nombre d'individus soit élevé. Cet article présente et compare deux méthodes permettant d'améliorer significativement la représentation graphique de données spatiales ponctuelles. La première repose sur un carroyage spatial, tandis que la seconde est basée sur l'estimation d' une fonction de densité de Kernel au sein de fenêtres mobiles. Ces deux méthodes sont appliquées aux accidents de route dans la Communauté urbaine de Lille.","1999"
"Méthode d'identification de concentrations locales d'événements dans un semis de points: application aux accidents de la route","Arnaud Banos, Florence Huguenin-Richard","L'article présente une méthode d'analyse exploratoire d'un semis de points issue de la ""Machine d'Analyse Géographique"" (CAM) de Stan OPENSHAW. Elle permet d' ident(fïer de manière automatisée des concentrations locales significatives d'évènements localisés dans /'espace géographique. À titre d'exemple, la méthode est appliquée aux accidents de la route ayant eu lieu dans la Communauté Urbaine de Lille.","1999"
"Morphologies de réseaux et accessibilité","Cyrille Genre-Grandpierre","Tous nos déplacements sont contraints par la structure des réseaux de transport. Or, par l'inégalité de leurs performances (desserte spatiale, v'itesse de déplacement), ces réseaux tendent à rendre l'espace non homogène et non isotrope , c'est-à-dire non euclidien. La géométrie traditionnelle semble donc de plus en plus inadéquate pour modéliser l'espace tel qu'il est vécu. Aussi, afin de prendre en compte les modifications dans les interrelations entre les lieux qu'induisent les réseaux, nous proposons une analyse de leurs effets, basée sur la géométrie fractale, qui ne postule pas l'homogénéité de l'espace et qui, de ce fait ,fournit une grille de lecture différente. Nous analyserons tout d'abord les conséquences de la structure des réseaux en termes de desserte spatiale, puis nous tenterons de voir comment la qualité d'accessibilité à un semis de sites d'offre de service dépend de la morphologie et des fonctionnalités du réseau qui relie ces sites.","1999"
"Analyse spatiale de l'exode rural à travers la diffusion des patronymes","Sandrine Assalin","Durant près de deux siècles un exode rural massif a affecté les arrière-pays de la moyenne vallée du Rhône et engendré un important flux migratoire des campagnes vers les villes. Les soldes migratoires ont fait l'objet de nombreux travaux, mais les trajectoires suivies par les migrants entre les régions émettrices et réceptrices sont mal connues.  Afin de les reconstituer, les patronymes rares originaires des arrière-pays sont utilisés comme des traceurs permettant de suivre une diffusion sur une longue période. L'information patronymique nécessaire a été recueillie dans les annuaires téléphoniques, et les résultats ont été interprétés à l'aide d'un modèle gravitaire. Il ressort que si la plus grande partie des courants migratoires s'est dirigée vers les grandes villes les plus proches, conformément au modèle, des logiques spatiales particulières sont mises en évidence par l'analyse des résidus au modèle.","1999"
"Contribution théorique à la mesure de l'homogénéité des tissus urbains","Mindjid Maïzia","L'étude s'intéresse à la ville du point de vue du bâti, de sa forme tant planimétrique que volumétrique , de la configuration de son emprise sur le sol, du parcellaire , de l'architecture, etc. Il s'agit de quantifier l'homogénéité morphologique interne qui caractérise tout tissu urbain. La méthode d'analyse proposée s'applique à décomposer la ville en systèmes d'éléments sémanriquement identifiés. L'ensemble de ces systèmes est appelé méta-système et correspond à l'ensemble des couvertures d'un SIG. A travers deux indicateurs, l'écart morphologique et le raux d'irrégularité (différentiel), il est possible de mesurer combien une morphologie est régulière.","1999"
"La résilience d'un système spatial: l'exemple du Comtat","Christine Aschan-Leygonie","Le concept de résilience provient de la physique, puis il a été transféré en écologie. Actuellement le sens donné à la résilience en écologie est la capacité d'un système à intégrer dans son fonctionnement une perturbation sans pour autant changer sa structure qualitative. Le degré de résilience d'un système par rapport à un événement perturbateur ne préjuge en rien du retour à son état antérieur après une perturbation. Elle implique que le système parvient à intégrer la perturbation, voire à en tirer avantage et , ainsi, améliorer son fonctionnement. Il s'agit ici d'un transfert de ce concept en géographie, à travers une étude de cas qui est la dynamique du système spatial du Comtat pendant deux périodes perturbées: les crises agricoles de la deuxième moitié du XIXe siècle et les difficultés économiques récentes. La nouvelle donne européenne a mis, en effet, l'agriculture comtadine en position défavorable ,face à des concurrents plus compétitifs. Afin de mettre en évidence différents critères qui interviennent dans le degré de résilience d'un système spatial, une formalisation qualitative en différentes phases dynamiques a été effectuée.","1999"
"Urban complexity and the measurement of risk","Lorena Franzini, Lidia Diappi","La recherche analyse la notion de risque et développe un possible outil pour étudier les systèmes urbains. L'évaluation et la gestion des risques territoriaux ont été approfondis dans le détail par beaucoup de contributions, qui concernent le rôle de l'aménagement territorial dans les stratégies de prévention . Dans une structure urbaine l'approche est différente dès lors que l'événement dommageable n'est pas accidentel mais structurel et le risque strictement lié au comportement des systèmes sociaux. Dans ce papier le sujet a été considéré d'un point de vue analytique, dans l'intention de développer un outil d'investigation capable de tenir compte de l'aspect multidimensionnel des phénomènes qui produisent le risque et de la nature complexe du risque même. L'analyse du risque peut raisonnablement appartenir au débat qui concerne la vulnérabilité, du moment que des aspects tels que prévention et sécurité en milieu urbain sont absolument importants. Le papier propose une réponse à la question induite par ces principaux aspects du risque, en essayant de dépasser l'approche traditionnelle de l'analyse du risque fondé sur les logiques additives et compensatoires. Sont proposées deux applications: une investigation micro-échelle visant à la détermination des relations entre morphologie urbaine et pollution de l'air causée par l'automobile et une étude à l'échelle urbaine pour la construction d'une structure analytico-descriptive des conditions de risque engendrées par la présence simultanée de différents facteurs critiques.","1999"
"Vers la fin des banlieues industrielles?","Edwige Dubos-Paillard, Patrice Langlois","Cet article présente l'évolution des localisations indusrrielles au sein de l'agglomérarion rouennaise de 1976 à 1992. Il s'appuie sur plusieurs indicateurs statistiques qui mettent en évidence une dispersion spatiale du secteur d' activité liée à la diminution du nombre d'établissements et de salariés au cours de la période, mais également à l'appropriation de nouveaux sites par une certaine catégorie d' industrie.","1999"
"Un modèle de simulation des migrations internes en région Basilicate (Italie)","Nicola Tamma","Ce travail présente un modèle gravitaire, proposant une formulation qui se place dans le sillage des modèles de potentiel selon lesquels la différence d'opportunités offertes dans chaque centre de la zone d'étude constitue une mesure dont est fonction l'aptitude à l'émigration entre les communes de la région Basilicate. On propose cette application pour reconstruire et interpréter les flux migratoires, donc contribuer à l'explication des dynamiques régionales du Basilicate qui sont typiques d'une région intérieure de l'Appennin du Sud de l'Italie où la morphologie complexe du territoire devient un facteur aux effets évidents. La formulation du modèle présente des aspects d'innovation surtout pour la procédure de calibrage et de sélection des variables que l'on a étudiées dans la phase analytique de la recherche.","1999"
"A methodology to investigate the effects of globalisation on local territorial structures","Silvana Lombardo, Luisa Santini","Cette étude a pour principal objectif d'identifier l'existence et l'nfluence des mutations économiques sur l'organisation territoriale au niveau global en termes d'organisation des systèmes productifs et le choix de localisation. Peu d'études ont été menées dans ce domaine, sans doute à cause de l'insuffisance de données et le caractère spécifique des nombreux systèmes territoriaux locaux. Ce constat nous a amené à proposer une méthodologie apte à enrichir les connaissances dans ce domaine.  Les travaux ont porté sur: •les apsects théoriques touchant aux nouveaux modèles d'organisation territoriale, tels le paradigme des réseaux, l'impact de la globalisation économique sur les systèmes de production, l'internationalisation. •les aspects empiriques par le biais de l'analyse des systèmes productifs de deux régions italiennes (Latium et Abruzzes), très peu étudiées mais pour lesquelles l'évolution récente a montré des mutations profondes. notamment au niveau des petites et moyennes entreprises avec une adaptation des systèmes locaux à répondre aux ajustements induits par l'évolution du système économique global. Ces deux cas ont été analysés par le biais d'un questionnaire adressé à un échantillon d'entreprises. La nouvelle loi sur la confidentialité limitant étroitement l'exploitation de nombreuses sources, les travaux se sont essentiellement appuyés sur les données fournies par les grands organismes officiels (Institut central de la Statistique, Union des chambres de commerce). Un certain nombre d'indicateurs ont pu être idemifiés dans le but: • de fournir des données aux cas étudiés, • de permettre une simplification du champ statistique et d'en extraire l'échantillon. A terme, le questionnaire a permis d'identifier les caractéristiques générales des entreprises, les relations dans lesquelles elles sont impliquées, d' idemifier et évaluer la pertinence des facteurs de localisation.","1999"
"Les effets du réseau routier national sur le développement économique départemental en France: une approche modélisée","Bernard Fritsch","Cet article emprunte une approche modélisée, visant à évaluer dans quelle mesure l'hypothèse selon laquelle le réseau national est un facteur du développement économique départemental s'avère empiriquement recevable, et à mesurer ses effets économiques. Il s'appuie sur l'estimation, par analyses de régression multiple, des coefficients de modèles mathématiques du type fonction de production agrégée, sur la hase d'observations départementales. Les résultats montrent que le PIB marchand et la productivité des activités marchandes dépendent significativement du niveau d'équipement en routes et autoroutes; que les disparités des niveaux de développement économique s'expliquent bien par les dotations routières départementales; et que toutes choses égales par ailleurs un accroissement de ces dotations se traduit par un surcroÎt d' activité. Ces effets du réseau national apparaissent plus prononcés dans les départements aux densités de peuplement et d'activités réduites ou moyennes.","1999"
"Vers une modélisation des déplacements domicile-travail et des déplacements associés","Jean Renaud Dumas, Sophiz Passegué, Mohamed Hilal","La dissociation lieu de résidence-lieu d'activité (emploi, commerces, services .. . ) sert de fondement à la production de zonages fonctionnels comme les aires urbaines, les zones d'emploi ou les bassins de vie. Les migrations pendulaires sont le signe d'une concentration croissante des emplois, commerces et services dans les villes et d'une dispersion résidentielle autour de cellesci. Ce travail tente de situer la logique des déplacements intercommunaux dans différentes catégories d'espace (urbaines et rurales) en explorant plus particulièrement la façon dont plusieurs motifs de déplacement peuvent s' associer au cours d'une même séquence. L'hypothèse principale est qu' il existe des générateurs principaux de déplacement (tous ceux liés à /'emploi) sur lesquels se greffent des déplacements aux motifs secondaires. La principale source de données utilisée est l'enquête transports-communications IN RETS-INSEE de1993-1994 à laquelle seront appariées les données du recensement général de la population et de l'inventaire communal.","1999"
"Intercommunalité et territoire: une première approche systémique","Florence Vaivre","La coopération intercommunale prend des formes extrêmement variées en fonction du contexte local. L'étude consiste à évaluer la capacité de cette forme de coopération à développer une réelle intégration territoriale. Cet objectif implique notamment la mise en évidence de facteurs locaux susceptibles d'avoir une influence puis le système local qui les intègre.","1999"
"Forme urbaine et répartitions des polluants","Christiane Weber","La pollution atmosphérique qui caractérise nos villes intéresse de plus en plus les scientifiques mais aussi les acteurs politiques et administratifs ainsi que la population. Les proportions de citadins soumis à ce type de nuisances, ne font que croître sur le continent européen, de tel sorte que des directives européennes ou nationales tentent d’en réguler les causes en multipliant les moyens de prévention (industriels et techniques, mais aussi administratifs et juridiques) mais aussi d’alerte et de communication. Cela étant pour assurer un quelconque succès à ces initiatives il convient d’aborder ces phénomènes dans une approche plus globale qu’elle ne l’a été jusqu’à présent. Si les modèles de répartition des polluants atmosphériques ont été bien développés selon des échelles macroscopiques, celle de la ville l’est beaucoup moins. Le projet d’étude présenté s’inscrit dans une telle démarche articulant échelle microscopique d’observation (la station de mesure) à une échelle plus large (l’aire urbaine). L’hypothèse principale étant que les formes urbaines ont un impact certain sur la répartition des polluants, que se soit au niveau de la rue, du site de mesure ou de l’ensemble de la ville. De plus, pour pallier l’insuffisance du nombre de stations de mesure, il faut que trouver des moyens de spatialiser l’information collectée afin d’obtenir une représentation étendue des phénomènes de pollution atmosphérique. L’image satellite est utilisée ici comme vecteur d’information fournissant une solution au problème. ","2001"
"Espace, entropie, environnement","Michel Phipps","L’avènement de la modélisation à base individuelle et le développement des système d’information géographiques soulèvent un nouvel intérêt pour les applications géographiques de la théorie de l’information. Un algorithme conçu pour l’analyse des distributions spatiales à variables discrètes est présenté. Il consiste à réduire progressivement l’entropie du système en utilisant l’information fournies par une combinaison de variables décrivant ce système. Les résultats de cette démarche font apparaître une redondance qui mesure le niveau d’ordre du système. Une application à la distribution des types de couverts forestiers au Manitoba (Canada) est présentée. ","2001"
"Une analyse del'évolution des contrastes intra et inter-régionaux par la morphologie mathématique. L'exemple de Provence-Alpes-Côte d'Azur","Sylvie Autiero","L’objectif de la démarche présentée est double. D’une part, elle met en valeur les clivages intra et inter-régionaux et leur évolution au sein d’un territoire et d’autre part, elle révèle les zones connaissant les plus forts changements au cours d’une période donnée. La recherche des contrastes entre les lieux et leur analyse spatio-temporelle est facilitée par l’emploi de la morphologie mathématique. En effet, l’utilisation de cette méthodologie dans la détection des discontinuités existantes permet la prise en compte simultanée de la disposition de lieux et de leur valeur tout en permettant une visualisation « in situ » des résultats. Nous avons choisi de travailler sur les variations de densité de population afin de rendre compte de l’intensité des clivages produits au cours du temps par les mouvements de population. La démonstration se fera sur la région Provence-Alpes-Côte d’Azur, région où les situations rencontrées sont multiples et complexes. ","2001"
"Boundaries, packing and diversity. Spatial scaling laws in squatters settlements","Fabiano Sobreira, Marcelo Gomes","The geometry of squatter settlements on the northeastern coast of Brazil is examined and compared to settlements in the central region of Kenya. In particular, the fragmented structures of the islands of habitations in these settlements, and the void area (regions unoccupied by houses) are studied. We find that such settlements, when constrained by urban and natural boundaries, present robust configurational patterns, expressed by statistical distributions with scaling properties. Such scaling properties, when considered in planning purposes, can be useful on describing and predicting the spatial and social parameters of such squatter settlements. Several scaling functions and other mathematical expressions, which are of interest in urban studies, are also derived and discussed. ","2001"
"Analyse radiale du tissu urbain d'Oran","Sadika Selka, Abdel Benhamar","L’article présente l'analyse radiale qui est une méthode d'analyse fractale des tissus urbains. Cette analyse appliquée sur le tissu d'une ville comme Oran, qui connaît une extension urbaine effrénée due à plusieurs phénomènes conforte les études réalisées par plusieurs chercheurs parmi eux P.Frankhauser sur les grandes villes et métropoles du monde. Pour cette analyse, une image satellitaire a été utilisée au lieu d'une carte cartographique comme ce fût le cas pour les applications faites sur d'autres tissus urbains. ","2001"
"Les changements dans la localisation de l'industrie française de 1990 à 1995. Une approche par un modèle de comptage","Jean-Marc Zaninetti","La géographie industrielle évolue principalement du fait des créations et des cessations d’établissements. La répartition de ces événements dépend de facteurs structurels ; appartenance de l’entreprise ou non à un groupe, branches d’activité de la firme. Elle dépend aussi d’effets purement spatiaux ; force d’agglomération et effet régional. C’est ce dernier que l’on cherche à isoler au moyen d’un modèle de comptage. Le nombre d’événements suit un processus de Poisson hétérogène. Le modèle calcule les probabilités différentielles associées aux diverses combinaisons locales de facteurs. La répartition spatiale de l’effet régional oppose le Nord-Est du pays, où les évolutions sont faibles, au Sud-Ouest et à la région Parisienne, où l’organisation industrielle évolue rapidement. Les régions du Nord-Ouest réalisent les principaux bénéfices, tandis que le Sud-Est se situe dans la moyenne nationale. ","2001"
"Méthodes d'évaluation des politiques régionales de formation en France. Comment la dimension spatiale des phénomènes étudiés est-elle prise en compte ?","Patrice Caro","La loi quinquennale de décembre 1993 relative au travail, à l’emploi, à la formation professionnelle a donné de nouvelles compétences aux 26 régions françaises en matière de formation. Cette loi prévoit une évaluation de l’impact des politiques régionales de formation professionnelle tous les trois ans (article 53). Après deux phases d’évaluation (1993-1996 et 1996-1999), une troisième phase est actuellement en préparation ayant pour objectif d’évaluer l’impact des politiques régionales sur l’égalité des chances d’accès des jeunes à la formation et à l’emploi. Les méthodes d’évaluation retenues sont presque identiques pour chaque phase, elles relèvent d’analyses quantitatives et qualitatives des situations régionales et infra-régionales. Les travaux d’évaluation ont donné lieu à la production de trois types de matériaux : des portraits statistiques régionaux, des études de synthèse résultant d’enquêtes par interviews dans les 26 régions et un rapport technique général.. Cet article s’attachera à montrer quels sont les choix méthodologiques qui guident ces évaluations parmi les résultats obtenus et publiés, comment la dimension spatiale des phénomènes étudiés est prise en compte par les acteurs dans les régions et par les auteurs de l’évaluation (diversité des marchés du travail, localisation des dispositifs de formation initiale et continue, mobilité géographique des jeunes, etc.). ","2001"
"Les intérêts de la gestion durable des milieux aquatiques en vue d'une valorisation des territoires par la pêche de loisir","Raphaël Berthold","La pêche de loisir intègre les trois pôles qui caractérisent le développement durable en présentant d’importants enjeux écologiques et socio-économiques. Nous proposons de montrer les nombreux intérêts de sa mise en application en comparant l’attractivité (par rapport aux pêcheurs) de plusieurs parcours de pêche présentant une qualité d’eau et des richesses piscicoles diverses. Ces conditions peuvent correspondre à une évolution écologique des cours d’eau mais elles sont aussi le fait d’interventions anthropiques aux conséquences variées. Ainsi nous montrerons comment l’homme peut agir sur les milieux et de ce fait sur la présence ou l’absence d’espèces à forte valeur patrimoniale et comment ces deux facteurs agissent sur l’intensité de la pratique pêche de loisir.  ","2001"
"Analyse des processus centralisés de diffusion spatiale. Le cas des établissements de services rendus aux entreprises","Eric Daudé","Cet article présente une analyse des mouvements d’expansion des réseaux de services aux entreprises en France. La croissance d’un réseau d’entreprise s’exprime par la multiplication du nombre d’établissements gérés par un siège social. Si on peut observer une grande variété d’objectifs de croissance et de nombreux facteurs de localisation par entreprise et par secteur, l’objectif de cet article est de rechercher des récurrences dans les stratégies de localisation à un niveau global. Les mouvements de localisation des établissements à partir de leurs sièges sociaux sont-ils alors assimilables aux processus de diffusion spatiale des innovations ? On a recours à des matrices de contiguïtés et à la hiérarchie des zones d’emploi pour analyser la diffusion des établissements contrôlés par leurs sièges sociaux. Des résultats au niveau global permettent d’appréhender le poids des processus de diffusion par contagion et par les canaux de la hiérarchie dans les mouvements d’expansion des réseaux de services aux entreprises. Au niveau local, on observe une forte incidence du degré de centralité de la zone d’implantation du siège social sur la répartition spatiale de ses établissements. ","2001"
"Modélisation et simulation du risque d'inondation en milieu urbain méditerranéen","Damienne Provitolo","Nouvel objet de recherche dans le monde des scientifiques, le risque, qu’il soit d’origine naturelle, technologique, économique ou sanitaire ne cesse d’inquiéter la société. Dans le cadre de cette communication, nous portons notre attention sur un aspect essentiel du risque, à savoir sa complexité, car il associe l’aléa et la vulnérabilité. La modélisation en dynamique de système permet d’appréhender cette complexité. Elle est donc retenue pour construire des modèles de risque. Cette méthodologie permet non seulement d’intégrer la composante vulnérabilité dans le système risque mais aussi de dépasser la césure entre nature et société. Elle offre surtout la possibilité de dépasser la vision statique des phénomènes pour préférer les étudier en tant que systèmes dynamiques. Dans ce cadre, le logiciel STELLA 5.1 Research est utilisé afin de modéliser et simuler l’ensemble des équations de stocks et de flux relatives au système risque. ","2001"
"Optimisation of locating problems in urban contexts","Roberto de Lotto","The object of the paper is the analysis of a location-like problem with reference to an urban context. The uncapacitated and capacitated urban functions and facilities are considered. This kind of problem is usually stated as follows: given m clients and n potential sites for locating prespecified functions and facilities select an optimal set of locations. The paper formulates a traffic network model oriented to the analysis, simulation and sub-optimal solution to a location-like problem. The model is analogue as it describes the road network as an electric network; it describes each lane of a road as an oriented link, characterised by (time-varying) parameters, such as the route time at given unsaturated conditions. Road intersections are represented as nodes with inflows and outflows. The effect of the location of a facility or a function in a precise site over the surrounding extended area is particularly modelled. The proposed model is based on an interactive software package, as a decision support system, supported by a graphical front-end named ULISSE, on LINUX platform, which shows the plan of the selected city, and that permits to show the result of the simulation with the possibility to change each parameter of the net directly on a friendly graphical front end. The main result is the optimised location of the facilities or functions in the urban context, visualised directly on the city plan. Other results are: -the influence area of each service site; -the degree of utilisation of each service; -the induced traffic flow increment on each road; -the total cost of any given service location. Moreover other results can be obtained: -the minimum path matrix for all the nodes of the network; -the distribution of traffic due to a given origin-destination matrix. ","2001"
"Les facteurs de progression des surfaces résidentielles dans les espaces de périurbanisation. Tentative d'intégration appliquée à l'espace namurois (Belgique) à l'aide des automates cellulaires","Jehan Decrop","Le phénomène de déconcentration de l’habitat est un des processus géographiques les plus marquants des espaces mixtes urbain-rural au cours de ces dernières décennies dans les régions d’Europe occidentale. Si une littérature abondante a permis de mettre en évidence  les nombreux facteurs responsables de ce phénomène, leur intégration dans un modèle spatio-temporel demeure bien plus périlleuse étant donné la complexité des processus en jeu. L’article propose une méthodologie de modélisation de la progression des surfaces résidentielles basée sur les principes des automates cellulaires.  En couplant un module quantitatif s’intéressant à la dynamique temporelle du nombre de ménages, à un module spatial de facteurs de localisation potentiels, cette modélisation pourrait aboutir à des simulations prospectives de croissance des surfaces résidentielles. L’espace d’application de ce modèle est la région urbaine de Namur (Belgique). Cet article ne prétend pas à l’exhaustivité et n’aborde que la  partie méthodologique d’une thèse de doctorat en cours. ","2001"
"Self organized maps: a clustering neural method for urban analysis","Lorena Franzini, Paola Bolchi, Lidia Diappi","La recherche concerne l'expérimentation d'une méthode de traitement des données basée sur les Réseaux Neuraux et donc sur une approche cognitive de nature connexionistique. Le propos c'est d'explorer la structure de relation entre indicateurs urbains et connaître les liens structuraux des systèmes urbains.L'étude a analysé les connexions présentes dans un ensemble de variables pour la ville de Milan, divisée en 144 zones statistiques.La base de données  pour Milan a été analysée à partir d'une définition de soutenabilité urbaine, interprétée comme interaction positive entre les systèmes social, économique et environnemental, et de déterminer une série de indicateurs pour exprimer les relations entre les trois systèmes.Précédemment la même base de données a déjà été analysée avec une méthodologie de mesure de risque basée sur une approche de seuil et avec Reseaux Neuraux Auto-Associés. Dans ce papier on présente une nouvelle des Self Organizing Maps (SOM).Les SOM mettent en oeuvre un processus d'organisation spatial selon lequel les unités de input sont classifiées selon leur caractéristiques urbaines. Le réseau partage logiquement l'éspace de input en “ cluster ”, où prévalent les composantes principales qui différencient les données en entrée.Les SOM sont reseaux qui évoluent avec un apprentissage non-supervisioné et auto-organisatif, en faisant fonctionner les unités de input en compétition selon un principe de “ winner unit ”.L'application de cette typologie de reseaux permet de construire des cartes de Milan en maintenant la désagrégation spatial en zones statistiques.Les résultats des SOM ont permis de réaliser plans de “ clustering ” où les zones sont identifiées soit par leur forts similarités soit par la position qu’elles occupent dans la matrice de output (de laquelle la dimension doit être définie au début du processus neural). ","2001"
"Simulation de dynamique spatiale. L'exemple de la densification de la population autour d'Avignon","Philippe Ellerkamp","Dans la région d’Avignon, l’organisation spatiale des densités de population semble fortement déterminer les dynamiques spatiales du peuplement entre 1936 et 1999. Il paraît possible de rendre compte d’une part importante de ces dynamiques à l’aide de principes de dépendance à la situation antérieure et d’interaction entre unités spatiales voisines. Afin de vérifier la pertinence de ces hypothèses, un modèle de simulation est construit. Il s’agit d’un automate cellulaire dans lequel les cellules ont une résolution d’un kilomètre carré. Le fonctionnement du modèle est basé sur une règle d’évolution locale intégrant un processus de diffusion de la population des cellules et un processus d’accroissement de ces populations par apport extérieur. Aucune contrainte globale ni aucune règle exogène n’agissent sur la dynamique des cellules. Seule la configuration initiale, qui est constituée par le carroyage des densités de 1936 et qui représente la mémoire des évolutions antérieures du système, contraint localement les dynamiques. Ce modèle n’a pas la prétention de reproduire le réel tel qu’il est observable sur des cartes de densités, il participe plutôt d’une recherche de processus spatiaux fondamentaux. Les simulations montrent en effet comment des mécanismes locaux très simples permettent d’engendrer des macro-dynamiques cohérentes. Les configurations en place sont ainsi amplifiées par l’intermédiaire à la fois d’un accroissement de la polarisation des zones les plus fortement urbanisées et d’une homogénéisation des espaces périurbains par diffusion.  ","2001"
"Modélisation de l'étalement urbain. Le cas de Tijuana au Mexique","Michel Le Page","L'article propose trois approches pour la modélisation de l'expansion urbaine en se basant sur le cas de Tijuana au Mexique. En premier lieu, une observation empirique de la structure, des fonctions et de l'évolution du système urbain nous amène à une première cartographie. Ensuite, une méthode statistique est développée à partir des deux constituants que sont l'attraction du centre et l'effet localisé de la topographie. La troisième technique consiste en l'utilisation d'un automate cellulaire. ","2001"
"Risque technologique mineur : base de données localisées et visualisation. L'exemple des stations service de la communauté urbaine de Strasbourg","Claire Hiegel","L'article présente, à travers l'exemple des stations-service de la Communauté Urbaine de Strasbourg, l'élaboration d'un outil interactif d'aide à l'intervention dans le domaine des risques technologiques ""mineurs"". La visualisation des risques permet, d'une part, de les rendre perceptibles et saisissables dans l'espace et, d'autre part, d'en avoir une vision globale et non plus fragmentaire. La mise en place de cet outil a nécessité au préalable une réflexion approfondie sur les variables et les critères pertinents se rapportant à la fois aux aléas et aux vulnérabilités, afin de pouvoir construire une base de données adaptée aux risques technologiques mineurs. ","2001"
"Ecologie et SIG : un outil de gestion patrimoniale appliqué aux espaces naturels touristiques","Jean-Christophe Loubier","Dans une démarche de développement durable, nous avons tenté de concevoir un outil informatique de gestion destiné aux collectivités locales. Cet ensemble de logiciels reliés entre eux forment un méta-système, qui spatialise la dynamique du milieu naturel en utilisant l’équation de l’entropie de SHANNON. On peut de la sorte, visualiser les espaces fragiles sous forme cartographique. L’aménageur identifie donc rapidement les zones où l’exploitation du milieu naturel risque d’enclencher des dégradations graves, voire irréversibles. Il peut alors prévenir les problèmes d’aménagement futurs plutôt que d’en traiter les conséquences. ","2001"
"Laisser leur chance aux modes non motorisés par l'aménagement des réseaux routiers","Cyrille Genre-Grandpierre","L’article montre tout d’abord comment les réseaux viaires récents tendent à favoriser structurellement, par la géographie de l’accessibilité qu’impose leur morphologie, l’usage de l’automobile au détriment des modes doux. Des propositions d’aménagement des réseaux viaires offrant aux trajets doux les moyens de s’effectuer dans de bonnes conditions d’accessibilité sont ensuite avancées afin d’illustrer dans quelle mesure il est possible de lutter contre la dépendance automobile pour les trajets de courte portée. ","2001"
"Origine géographique de la population urbaine","Sandrine Assalin","Depuis environ deux siècles, la population des campagnes a migré vers les villes. Cette concentration démographique s’est faite selon un modèle de diffusion à partir des campagnes, en provoquant un brassage des populations dans les espaces urbains. Les villes ont eu une attraction différenciée en fonction de leur localisation et de leur taille. L’étude portera sur les communes centres des villes moyennes. L’attraction peut se mesurer à travers la diffusion des patronymes rares, qui sont utilisés comme des traceurs permettant de suivre les populations sur une longue période. Cette présentation portera sur la mise au point d’une méthode expérimentale de détection des flux de population à travers la diffusion de patronymes rares et par l’utilisation de la métrique du χ2. ","2001"
"Pertinence d'une méthode d'analyse des dynamiques spatiales par la prise en compte des flux routiers","Rémi Tauleigne","Cette réflexion est née de l’absence de convergences théorique et méthodologique entre les chercheurs qui s’intéressent à l’analyse de réseaux et ceux qui s'intéressent aux dynamiques spatiales en géographie humaine. La morphologie des réseaux et les flux semblent pourtant participer fortement à la structuration de l’espace et seraient donc essentiels à la compréhension des dynamiques spatiales. Cette absence de convergence, qui n’est peut être qu’apparente, semble pour une bonne part liée à la différence de nature des variables utilisées puisque les variables réseaux sont par nature « réticulaires » et que la plupart des variables utilisées habituellement en analyse spatiale sont « aréales ». Cette contribution met ainsi l’accent sur des aspects méthodologiques. On présente en particulier une méthode de confrontation de variables de nature différente comme celles de flux routiers et de variables démographiques et on évalue sa pertinence pour l’analyse des dynamiques spatiales.","2001"
"L'analyse désagrégée : un luxe ou une nécessité ? Application à l'analyse des générateurs de déplacements à l'échelle urbaine","Thomas Thévenin","L'approche désagrégée est trop souvent négligée pour analyser les générateurs de déplacements à l'échelle urbaine. Or, les générateurs de déplacements constituent de véritables instigateurs des mouvements dans la vie urbaine. Les lieux de travail, les centres commerciaux ou encore les lieux de loisirs attirent et génèrent quotidiennement des déplacements. Il est donc essentiel de les localiser finement et d'identifier leurs caractéristiques afin d'améliorer les réseaux de transport. L'objectif de cet article est de présenter une méthode d'analyse désagrégée des générateurs de déplacements à l'échelle urbaine. Pour cela, une présentation des grands principes de l'approche désagrégée sera exposée dans un premier temps. Ensuite, la structure du système d'information géographique sera détaillée. Enfin les méthodes, développées précédemment, seront illustrées dans un exemple d'application : la localisation optimale des stations d'une ligne de tramway actuellement à l'étude sur Besançon. ","2001"
"Modélisation des déplacements des visiteurs sur les espaces naturels. Evaluation des impacts potentiel d'un projet d'aménagement","Fabrice Decoupigny","Un constat rapide des déplacements de visiteurs sur les espaces naturels montre que les lieux, dits touristiques, sont de plus en plus fréquentés par des populations locales et en particulier les urbains. Un des problèmes majeurs relève du fait que ces flux de visiteurs ne sont pas intégrés dans les études classiques construites sur des indicateurs purement touristiques (nombre de nuitées, fonction touristique...). A partir de différentes observations effectuées aux cours d’études de fréquentations, nous avons pu mettre au point un modèle de simulation des déplacements de visiteurs sur un espace naturel régional (modèle FRED). La difficulté du modèle consiste à formaliser deux déplacements sur deux échelles : le déplacement voiture puis le déplacement pédestre. ","2001"
"Le lieu-objet urbain, une singularité morpho-génétique","Sébastien Gadal","Les images qui sont retransmises par satellite représentent des matrices d’impulsions électromagnétiques de portions de l’espace géographique : les pixels. Ces représentations ne sont, ni les objets géographiques eux-mêmes, ni leurs reflets directs sous forme de rayonnements réfléchis. Elles sont localisées sur l'écran à l’aide d’un système de coordonnées géodésique. On voit des différences localisées entre des images. Ces différences sont considérées comme géographiques parce qu'elles sont localisées à la surface de la Terre. Mais la localisation est-elle suffisante pour justifier le qualificatif de géographique ? La question se pose dans la mesure où plusieurs objets peuvent être localisés dans une même localisation. Le caractère géographique ne tient donc pas à localisation mais à la différenciation géographique. Dans le cas de la méthode de modélisation morphogénétique de l’espace géographique, on observe des images d'objets dont les reflets sont combinés. Ou, plus exactement, des différences entre les images des objets qui, la plupart du temps, ne sont pas simples mais combinés entre eux et pour lesquels, par exemple, les zones urbanisées sont des excroissances morphogénétiques. La méthode morphogénétique ne s'appuie donc pas uniquement sur la différenciation géodésique des localisations mais, également, sur la différenciation géographique des objets. Tous les objets sont considérés comme ayant un lieu à la surface de la Terre. Cette méthode détecte d'abord les lieux localisés avant les objets localisés, c’est-à-dire, qu'elle cherche à représenter les lieux-objets géographiques. ","2001"
"De l'observation globale des mutations des sociétés et des espaces ruraux","Nathalie Fer","Cet article présente la méthode élaborée initialement pour l’étude de la friche dans le Pays d’Auge (Normandie).","2001"
"De mémoire d'espace, ou l'apprenance","Robert Borodkine","L’étude des systèmes impliquant le vivant avec ou sans composante anthropique, les notions d’écosystème, de géosystème, et de métabolisme font grand cas des échanges et transformations de matière et d’énergie. L’information en jeu fait figure de parent pauvre. Dans cet article, nous proposons d’envisager le fonctionnement des systèmes incluant l’élément vivant comme étant basé sur l’information qu’ils recèlent plutôt que sur les concepts de matière et d’énergie. Dans cette perspective, il s’agit de réaliser à quel point la démarche quantitative – serait-elle associée à la vision systémique – n’est pas à elle seule un gage d’objectivité : nous sommes condamnés à ne prendre en compte qu’une partie de l’inépuisable masse d’éléments objectifs que nous pourrions considérer, ce qui revient à privilégier certains aspects aux dépens d’autres. On peut alors faire intervenir les notions d’apprenance et de perception durable. Celles-ci tiennent à la fois à la nature non aléatoire de propriétés pouvant être découvertes au sein de l’environnement, et à la façon dont celui-ci peut les donner à découvrir. On est ainsi amené à renouveler le questionnement d’une large gamme de problématiques. On peut mentionner la notion de capacité d’absorption d’un écosystème face aux perturbations, la dynamique de tels systèmes, certaines transformations indirectes du vivant, l’évolution des sensibilités et des pratiques face à l’espace et à l’outil, ou encore la biodiversité.  ","2001"
"Distance géographique","Georges Nicolas","Sur une carte, entre deux points A et B, la distance de A à B est égale à la distance de B à A. Sur le terrain, il n’en est pas de même. Pour un individu qui se déplace à pied, l'effort pour monter du point A situé en bas d'une montagne au point B situé au sommet, n’est pas égal à celui qu'il fournit pour la descendre. Or cette absence de symétrie ou ""non-réciprocité"" se retrouve dans beaucoup d'autres domaines : économique, social, politique etc. L’idée développée est qu’il y a quelque chose de commun entre toutes ces distances, la distance géographique. Celle-ci se calcule à l'aide : 1) de la distance géodésique dK qui est la somme des longueurs mesurées à la surface de la Terre, à l'aide du système métrique, entre les localisations des objets en A et B; 2) la valeur numérique des objets localisés en A et B. Elle est mesurée par le produit de la racine carrée du rapport entre la valeur numérique des objets par la racine carrée de la distance géodésique qui les sépare.","2001"
"Une expérience d'analyse des données textuelles à propos des déchets ménagers : intérets et condition d'utilisation d'une méthode","Estelle Kah","À partir d’un problème de relation d’une population avec son environnement dans le cadre des déchets ménagers, on se penche sur les apports de l’analyse de données textuelles pour en définir les avantages et les limites dans une enquête géographique. La méthode utilisée, ALCESTE, est sans doute l’une des plus sophistiquées et objectives. Méthode exploratoire permettant de caractériser et de classer les locuteurs et leurs discours sur des critères géographiques sociaux ou économiques, elle peut servir de pré-enquête ou d’analyse confirmatoire. Dans les analyses comportementales, dans des champs encore peu connus comme celui des déchets, elle permet de définir des contextes lexicaux ouvrant la voie à la réalisation de propositions évaluatives. Elle permet d’interpréter des contradictions ou d’expliquer des limites de l’enquête elle-même. Ses qualités s’accompagnent cependant de lourdeurs, de difficultés d’interprétation et de limitations liées à son caractère même. ","2001"
"Le transport des déchets. Méthode d'évaluation du potentiel combinable : application au cas franc-comtois","Geoffroy Brischoux","Au cours de la dernière décennie, de nombreuses innovations ont été développées en matière de transport sans véritablement parvenir à dépasser le stade expérimental. L’objectif de cet article consistera à évaluer les potentialités de développement d’un nouveau concept de combiné rail-route pour l’acheminement des déchets ménagers en nous appuyant sur l’exemple des déchets produits en Franche-Comté. Il s’agira d’analyser, grâce à plusieurs critères de combinabilité, si cette alternative représente une niche stratégique importante pour ces transports spécifiques qu’engendre le traitement des déchets ménagers et assimilés. ","2001"
"Derrière les disparités régionales du PIB par habitant dans l'union européenne. Analyse statistique","Laure Charleux","L’article présente une analyse statistique spatiale des disparités régionales du P.I.B. par habitant, indicateur phare de la politique régionale de l’Union Européenne. Elle se développe classiquement en trois temps : analyse univariée, modélisation par régression linéaire, puis classification en fonction des variables sélectionnées par la régression. En guise de conclusion, une évaluation de l’éligibilité à l’Objectif 1 est effectuée à partir des mêmes variables","2001"
"Les ""sauvageons"" et les statistiques. Le problème du classement dans l'interprétation des statistiques sur la délinquence et les ""violences urbaines""","Veronica Noseda","L’interprétation des statistiques sur l’évolution de la délinquance et des “ violences urbaines ” a fait l’objet de plusieurs débats parmi les criminologues et les sociologues. Selon ces chercheurs, le biais principal de ces statistiques consisterait dans le fait qu’elles mesurent non pas l’évolution de l’activité des délinquants, mais celle de la police et des autres forces de l’ordre. Peu de chercheurs se sont par contre penchés sur le problème des catégories de classement utilisées dans ces statistiques et de leur usage social. Dans cet article, nous essaierons de montrer qu’il peut y avoir une relation de circularité entre certaines catégories de découpage social et de découpage territorial utilisés dans les statistiques, et l’activité des forces de l’ordre. ","2001"
"Processus d'évalution dans le stationnement automobile à domicile. Formalisation floue du niveau d'acceptation des automobilistes devant une politique de gestion du stationnement contraingante","François Pezzoli","Depuis les années 80, les problèmes de stationnement se sont fortement intensifiés, les premiers modèles ont alors évolué, d’autres ont été créés dans un but d’aide à la décision. Selon les objectifs et les contextes, des modèles différents peuvent répondre à des objectifs communs, nous les avons donc classés selon qu’ils étaient descriptifs ou explicatifs, puis selon qu’ils étaient liés au comportement des usagers ou  à l’offre de stationnement et au réseau de circulation. Notre travail a ceci d’original qu’il s’intéresse finement et exclusivement aux résidants des centre-villes. Constamment exposés aux problèmes de coût, de sécurité et de manque d’emplacements à proximité, ces automobilistes considèrent leur place de stationnement comme le prolongement de leur logement. On imagine donc qu’il y a bien un lieu de stationnement habituel, jugé comme acceptable pour l’individu qui l’occupe. Pour mesurer l’arbitrage du résidant dans sa stratégie de stationnement, nous avons recouru à une méthode qui introduit les notions de compromis de satisfaction et de phénomènes compensatoires. Elle permet de nuancer la logique booléenne et d’observer finement comment se comporte un individu dans le passage de l’acceptation d’une proposition à son refus total. ","2001"
"Utilité des images haute résolution pour évaluer la place de la végétation en améngement urbain. Quelle résolution pour quels besoins ?","Anne Puissant, Christiane Weber","L’augmentation de la population en Europe et dans le monde entraîne des impacts sur la qualité de notre environnement : la pollution de l’air, du bruit, la congestion du trafic routier préoccupent les individus et spécialement les gestionnaires du territoire. Dans ce cadre, la construction d’indicateurs environnementaux est indispensable pour évaluer les impacts des espaces verts sur les nuisances urbaines. L’article présente les résultats d’une analyse quantitative basée sur l’extraction automatique de classes d’occupation du sol à partir d’images simulées, à différentes résolutions (10 à 1 m), sur l’agglomération de Strasbourg. L’objectif est de définir une typologie orientée ""utilisateurs"" et de déterminer la résolution spatiale adaptée à l’identification de variables descriptives de la qualité de l’environnement (uniquement en termes d’occupation du sol). ","2001"
"Des indicateurs de dynamique pour le suivi des vasières en estuaire de Seine","Thomas Pouchin","En estuaire de Seine, les surfaces de vases nues ont considérablement diminué en l’espace de quelques dizaines d’années. Si la sédimentation est ici un phénomène naturel, son ampleur est par contre démesurée et particulièrement inquiétante, les vasières étant des espaces vitaux pour les oiseaux migrateurs et des zones nourricières de premier ordre. La dégradation et la transformation de ces biotopes riches et spécifiques est un des phénomènes qui a nécessité la mise en place d’un observatoire des zones humides dans l’estuaire de Seine. L’exploitation d’une série chronologique (1979 à 2000) composée d’images satellitales et de photographies aériennes a permis une appréhension fine et régulière de la cinématique paysagère de cette zone sensible. Après une mise en évidence des principales mutations spatiales, la quantification des mouvements (en termes de surface) a autorisé l’élaboration de tendances d’évolution qui renseignent sur la vitesse des phénomènes et sur leurs dynamiques futures. Outre le phénomène de sédimentation, un important processus d’artificialisation de l’estuaire qui multiplie les atteintes environnementales directes et indirectes à l’intégrité des biotopes a pu être étudié.Le principal résultat de ces différents travaux est un synopsis précis et complet des mutations spatiales intervenues dans ces zones de vasières. Dans l’estuaire de la Seine, le XXI° siècle s’ouvre sur le chantier du gigantesque terminal portuaire « Port 2000 ». Son impact sur les milieux naturels de l’estuaire est une grande inconnue, l’observatoire des zones humides demeure donc plus que jamais d’actualité. ","2001"
"Les conséquences des évènements El Niño/La Niña dans le bassin versant du Sinú","Rigaud Sanabria","Le régime hydrique et climatique du Sinú (Colombie) étant perturbé par des événements ENSO / LNSO, nous avons tenté de déterminer l’interaction spatio-temporelle de ces phénomènes sur les précipitations et les débits. Nous sommes partis de deux questions : Quelle est la distribution spatiale des conséquences de ces événements? Et, par ailleurs, peut-on prévoir la saison, la durée et les bilans hydriques des prochains événements ? Dans le Sinú, on constate un déficit pluviométrique et de fortes sécheresses pendant El Niño, et des pluies abondantes durant La Niña. Des inondations aux conséquences catastrophiques ont lieu pendant La Niña, comme en août 1988, où près de 69.000 hectares ont été affectés. Pendant El Niño de 1997 – 1998, les précipitations ont diminué de 50 % et les débits des rivières de 40 %. ","2001"
"Les géométries du corps. Diffusion socio-spatiale et idéaux-types de pratique du karaté : essai de modélisation","Ludovic Jeanne","L’article présente l’exploitation – dans le cadre d’une problématique de géographie sociale – de la méthode dite « idéale-typique » initiée par Max Weber. Les recherches ont porté sur l’analyse de la diffusion socio-spatiale des pratiques corporelles et plus particulièrement sur celle du karaté à travers le monde. De cette question a émergé une problématique axée sur l’examen du rapport d’interaction entre processus socio-spatial de diffusion et objet de la diffusion. Une telle problématique attribue, par hypothèse, la transformation de la pratique et la variabilité de ses modalités, dans le temps et l’espace, au processus de diffusion lui-même. De ce fait, l’aptitude à élaborer des types idéaux de pratique du karaté est une contribution directe à l’interprétation et à la compréhension du processus de diffusion, en aidant à surmonter la complexité réelle de l’objet et du monde social qui lui est attaché. Un modèle a été construit en s’appuyant sur trois idéaux-types de pratique du karaté. Ce modèle permet d’interpréter les effets de la diffusion socio-spatiale sur la pratique diffusée en des termes simples. Malgré cette simplicité, ils posent des questions de fond sur la nature des phénomènes de diffusion et de leurs effets. Indirectement ce modèle donne une substance sociale et corporelle à un processus socio-spatial que l’on aurait, au moins théoriquement, pu analyser sous son seul aspect spatial. L’exploitation de cette méthode « weberienne » pose deux questions épistémologiques qui sont examinées ici (l’interdisciplinarité et le rapport entre un modèle idéal-typique et la réalité). ","2001"
"Modélisation de réseaux socioculturels de communication dans la ville. Exemple de la ville de Lattaquie (Syrie)","Ossama Khadour","L’article présente la conception et la réalisation d’un outil informatique de représentation, calcul et analyse d’un réseau de communication issu d’une projection territoriale du système socioculturel. Un cadre théorique ainsi qu’une application viennent pour bien éclaircir les fondements et les aboutisements de cet outil informatique.   ","2001"
"Diagramme circulaire ou orthogonal ? Une efficacité différentes des images graphiques dans la transmission de l'information","Aline Jelinski","Pourquoi utilise-t-on plus souvant les diagrammes circulaires que les diagrammes orthogonaux ? Le diagramme circulaire est plus utile et même irremplaçable quand les données represéntent une entité, une totalité. Le diagramme orthogonal a l’avantage, lui, de permettre d’estimer et d’ordonner précisément les éléments concernés. ","2001"
"Modélisation UML et outils pour l'analyse spatiale","Paul-Annick Davoine","La mise en œuvre de Systèmes d’Information Géographique (au sens large du terme) dans une démarche d’analyse spatiale nécessite la spécification des objectifs à atteindre et la modélisation du domaine d’étude. Cela suppose donc de se forger une représentation de la réalité étudiée en décrivant d’une part les objets géographiques que l’on retient, leurs caractéristiques et leurs relations et, d’autre part, les traitements à réaliser susceptibles de répondre aux objectifs fixés. Reconnue comme un standard pour la conception des systèmes d’information, l’approche UML (Unified Modelling Language) propose de nombreux modèles permettant d’identifier les structures statiques et dynamiques des systèmes informatiques. Cette approche nécessite une analyse et une structuration des différents paramètres et informations nécessaires à la mise en oeuvre de ces outils. L’objet de cet article est donc de présenter les spécificités de l’approche UML, qui est en fait un langage de modélisation orienté objet et de s’interroger sur sa pertinence dans la conception et la réalisation d’outils d’analyse spatiale. ","2001"
"D… comme distogramme !","Didier Josselin","Le Distogramme est un outil dédié à l'analyse des discontinuités statistiques et spatiales, grâce au lien dynamique entre une représentation cartographique et des histogrammes de variables descriptives. Il permet de modifier interactivement le nombre ou les limites de classes, de discrétiser, transformer et croiser les variables. ","2001"
"Transportation networks and the optimal location of human activities: a numerical geography approach","Isabelle Thomas","Cet article vise à montrer l’importance de la forme du réseau de transport dans la localisation optimale des activités humaines.  Plusieurs séries de simulations sont générées sur des réseaux théoriques de formes carrées et hexagonales. Des modèles courants  de localisation-affectation sont appliqués (UFLP, k-médiane) sous différentes conditions.  Les résultats obtenus sont testés sur des réseaux réels et des problèmes concrets d’aménagement du territoire (localisation de centres de santé dans une région où les pluies affectent l’accessibilité routière ; implantation de déchetteries à l’échelle communale).  Plusieurs enseignements sont à tirer de ces simulations et exemples, particulièrement en termes de gestion de l’espace et aménagement du territoire. ","2001"
"Graphe et fractale. Le fractale comme réalisation sous contrainte et méthode d'extension-réduction des graphes","Philippe Mathis","De récentes thèses ont démontré que les graphes étaient adaptés à la description fonctionnelle des réseaux, par contre les fractales se révélaient plus efficaces au niveau morphologique. Les représentations du graphe ne sont pas suffisamment précisées dans leurs conditions et contraintes par la Théorie des Graphes. Si l’on pallie cette insuffisance, on peut montrer que les fractales sont des réalisations particulières ainsi qu’une méthode d’extension ou de réduction des graphes respectant la propriété d’homothétie interne.Nous rappelons que les réalisations des graphes  ne reposent sur aucune hypothèse selon Berge et que d’autres réalisations ont été faites : plane ou projection plane d’une réalisation à trois dimensions par Cauchy, sur une sphère et sur un tore par Lhuillier et Heawood.Cependant, nous avons trouvé chez Mandelbrot lui-même la confirmation partielle de notre intuition. En effet sa représentation d’un générateur de fractale correspond à celle d’un graphe dont les sommets ne seraient pas nommés, et plus particulièrement à la réalisation planaire d’un graphe.Nous démontrons que la courbe de von Koch peut être décrite comme un graphe, et que l’homothétie interne de la représentation se traduit aussi par une homothétie interne de la matrice d’adjacence. Il suffit alors de préciser les contraintes spécifiques de la réalisation pour retrouver la fractale géométrique classique.Les graphes peuvent aussi décrire les arborescences fractales, la propriété d’auto similarité de la matrice d’adjacence et de la réalisation étant conservées. La H-fractale de Mandelbrot peut être représentée aussi sous la forme d’un arbre régulier : ce sont deux réalisations d’un même graphe mais sous contraintes différentes. De plus cette fractale n’est pas nécessairement planaire.Nous abordons rapidement l’exemple de l’arbre de Pythagore et l’utilisation des concepts de primal et quasi-dual.Le troisième exemple sera celui du tapis de Sierpinski et son application à la théorie de Christaller. Cet aspect sera étendu aux systèmes hiérarchiques rhomboïdaux de Brian Berry.Les fractales ont leurs correspondances en termes d’extension et réduction des graphes, de même que les fractales à homothétie interne stochastique. Nous considérons enfin le maillage comme une situation limite du fractale avec les exemples de la H-fractale carrée ou rectangulaire, des maillages triangulaires et fractale ternaire, du dual hexagonal, puis du quasi dual d’un graphe en expansion. La Théorie des Graphes Etendue dispose ainsi d’une méthode d’extension à partir de la matrice d’adjacence ou de la réalisation et symétriquement d’une méthode de réduction ainsi que d’indices efficaces de morphologie, ce qui permet de considérables progrès dans la représentation et la modélisation des réseaux. ","2001"
"The drama of real-life in a timegeographic disguise","Bo Lenntorp","Une description de la vie quotidienne d’un ménage, fondée sur la time-geography, constitue la toile de fond de l’article. Les avantages à utiliser les notations de la time-geography seront énoncées tout en introduisant quelques concepts fondamentaux. Le corps de l’article consiste en une discussion autour de considérations théoriques concernant les fondements de la time-geography. On s’intéressera plus particulièrement à l’étude de certains concepts-clefs, tels que la contextualité, la corporéalité et les processus collatéraux. L’interface entre l’approche théorique et le système de notation graphique sera examinée. Des concepts additionnels significatifs seront mis en avant afin d‘illustrer le propos et de fournir une base à de possibles applications. Quelques réflexions sur la time-geography seront soulevées pour souligner les « pour et les contre ». Au final, quelques domaines d’application seront présentés. La conclusion suggérera que la time-geography peut prendre toute sa valeur dans le cadre, à la fois de l’actuel débat sur les sciences physiques et humaines, et des recherches visant à considérer simultanément le temps et l’espace. ","2003"
"Autoroutes, activités et territoires : propositions méthodologiques pour évaluer l'impact de l'autoroute sur la spatialisation des activités","Emmanuel Faivre","L'autoroute est-elle capable de fixer les activités ? Cette question relativement simple, ancienne et controversée, posée par la Société des Autoroutes Paris-Rhin-Rhône n’a toujours pas été résolue malgré l’acceptation d’une logique d’interactions primant sur une logique d’effets automatiques d’un seul élément. Elle se heurte essentiellement à un blocage méthodologique qui empêche, en l'état actuel des recherches, d'y répondre de manière plus rigoureuse et d’exporter des conclusions validées dans tous les cas. Aussi, nous proposons une nouvelle méthode de recherche qui intègre la totalité du système de localisation des activités et une nouvelle conception de recherche qui n’essaye plus d’isoler le facteur autoroutier mais tente d'analyser le rôle joué par l'autoroute au sein du système auquel elle appartient. L’aboutissement de nos recherches se matérialise par la réalisation d’une grille d’analyse résolument systémique visant à comprendre et expliquer les interactions entre autoroutes et système de localisation des activités, l’un de ses développements potentiels pouvant résider dans une formalisation de type système expert. ","2003"
"La théorie des jeux et l'aménagement du territoire. La cas de la mise en place du portail web ""Grand Besançon""","Oumar Ndiaye","L’aménagement du territoire constitue aujourd’hui l’une des pierres angulaires du développement des collectivités territoriales. La théorie des jeux une branche de la théorie économique permet d’analyser la pertinence des décisions prises par les élus lorsqu’ils envisagent de gérer les ressources rares présentes sur leurs territoires. Dans cette perspective, on peut définir la théorie des jeux comme étant une théorie de la prise de décision des agents économiques en situation d’interdépendance. A ce propos, on distingue la théorie des jeux non coopératifs et la théorie des jeux coopératifs. Cet article cherche à confirmer l’existence d’une méthode permettant aux communes de fédérer leur énergie afin d’optimiser l’exploitation de leurs ressources : déchets, énergie, eau, nouvelles technologies de l’information et de la communication (NTIC) etc. Après avoir rapidement montré l’utilité des jeux non coopératifs dans les comportements stratégiques de certains acteurs, nous mettrons l’accent sur la théorie des jeux coopératifs, parce que plus riche dans le cadre de l’aménagement du territoire. La méthode que nous utilisons pour mener à bien nos investigations est « la Valeur de SHAPLEY ». Cette dernière représente la contribution marginale moyenne de chaque commune  ou collectivité, i.e. la valeur que cette  collectivité rapporte lorsqu’elle intègre une coalition. ","2003"
"Système productif complexe et pluriterritorial. Le cas des microtechniques","Sophie Bergeon-Carel","La crise horlogère des années 1970-1980 a conduit institutions, entreprises et acteurs franc-comtois à promouvoir une reconversion vers les microtechniques. Néanmoins, on ne peut que constater l’échec relatif de cette tentative de constitution d’un nouveau système productif local, à partir des entreprises issues de l’industrie horlogère. Nous présentons ici les premiers résultats d’une recherche fondée sur l’hypothèse d’existence d’un système productif non plus local, mais pluri-territorial, organisé en réseau. Il semble se développer de manière préférentielle sur des espaces que l’on peut repérer dans les régions parisienne et grenobloise en France, et en Suisse pour l’étranger. Il reste à préciser la place et le rôle des industries locales issues de l’horlogerie au sein de cette configuration. La difficulté de définition même du concept de microtechniques et le flou du secteur, absent des statistiques industrielles, nous conduit à proposer une analyse du système fondée sur une méthode inductive. Elle consiste à suivre les pratiques des industriels, et à préciser les liens qui les unissent. De ce point de vue, l’analyse du salon Micronora à Besançon est révélatrice de la complexité du système et permet d’orienter nos recherches à venir. ","2003"
"La ""mer"" côtière : une frange pionnière. Essai sur la construction d'un ensemble territorial","Brice Trouillet","Les littoraux sont souvent présentés comme une discontinuité majeure puisqu’ils matérialisent une des limites de l’écoumène. Si l’on retient ce principe général d’un front, il semble que celui-ci tend aujourd’hui à se doubler d’une frange : la mer côtière. A l’échelle planétaire, les espaces maritimes ont connu récemment des processus de territorialisation (au sens juridique). La levée progressive des obstacles techniques à l’occupation matérielle des espaces marins et sous-marins, la découverte de nouvelles ressources et l’essor corrélatif des recherches océanographiques, ont rendu possible le développement de modes d’occupation de l’espace jusque-là inédits en mer. L’occupation de la mer côtière tend à devenir permanente et les empreintes matérielles tendent à se banaliser : on assiste à sa socialisation progressive. Néanmoins, l’étude de la configuration spatiale de la mer côtière dévoile, à toutes les échelles, une structure territoriale complexe et différenciée. Espace et moment privilégiés, la systémogenèse territoriale en mer côtière doit permettre de réfléchir à une crise multiforme (halieutique, énergétique, spatiale, etc.) qui conditionnerait la vitesse de progression pionnière et expliquerait les disparités du phénomène pionnier. ","2003"
"Evolution d'un espace de production transfrontalier : un ou des systèmes ?","Alexandre Moine","L’organisation spatiale d’un territoire doit beaucoup à l’histoire, aux multiples acteurs dont les destins se sont croisés en ses lieux, et qui, par leurs décisions, ont orienté de manière radicale son évolution. Dans le cadre d’un territoire transfrontalier, la situation se révèle encore plus complexe à aborder, puisque les différentiels engendrés par la limite étatique on pesé et pèsent encore sur son devenir. Il en reste aujourd’hui une structuration, mais aussi et surtout des dynamiques empreintes des choix et des bifurcations antérieures. Nous nous posons donc la question de la représentation des faits et de l’organisation territoriale qui en découle. Nous allons remonter l’histoire de ce territoire, et représenter la systémogenèse du système spatial actuel. ","2003"
"La reproduction spatiale, un concept géohistorique pour aborder le laboratoire romain","Géraldine Djament","Cet article étudie le changement spatial à partir de l’analyse de la géohistoire de la soi-disant Ville Eternelle sur le long terme.  Il commence par définir le concept de reproduction comme dialectique du même et de l’autre dans différents champs disciplinaires, avant de proposer son importation en géographie. L’application du concept de reproduction spatiale, proche de la résilience, au système spatial romain passe par un repérage des mutations de la centralité urbaine, et par une étude des transitions territoriales, en particulier celle qui voit la ville-monde religieuse devenir capitale de l’Etat-nation italien. Au terme de cette présentation est dégagée une véritable « stratégie spatiale romaine » et sont esquissées les leçons du laboratoire romain : la continuité et la discontinuité forment un binôme relatif et inséparable, utile au découpage du temps et de l’espace. La réflexion se clôt sur un plaidoyer en faveur de la géohistoire. ","2003"
"Caractéristiques spatiales et pollution automobile en montagne. Modèle de diffusion intégrant la topographie et capacité de dispersion appliqués aux vallées pyrénéennes de Biriatou et d'Aspe (Somport)","Gaëlle Deletraz","Le travail entrepris a pour objectif d’évaluer l’incidence de la pollution azotée des transports sur les écosystèmes de montagne. Deux vallées pyrénéennes ont été choisies comme terrain d’étude : le site de Biriatou (A63), peu montagnard, et la vallée d’Aspe (RN134), très encaissée, pour établir un point zéro avant l’ouverture du tunnel du Somport. Le polluant retenu pour cette étude est le dioxyde d’azote (NO2) car il contribue – avec les autres polluants azotés – à l’acidification et à l’eutrophisation des eaux et des sols. L’étude porte sur deux aspects : la capacité de dispersion des différents site et la quantification/spatialisation de la pollution et des risques associés. ","2003"
"La forêt face au risque tempête : vers d'autres apports de l'analyse spatiale","Joël Boulier, Claude Grasland","Suite aux tempêtes de décembre 1999, de nombreuses études ont été lancées dans le but de mieux appréhender l’impact et le comportement des tempêtes en milieu forestier. Les réponses apportées reposent souvent sur le peuplement affecté lui-même, que ce soit à un niveau d’observation de l’individu « arbre » ou à celui du peuplement. En revanche, il y a peu de questionnement sur l’environnement spatial des zones sinistrées. Dans ce cadre, nous proposons une approche différente de compréhension du fonctionnement des tempêtes en introduisant une très forte dimension spatiale à l’analyse de ce risque « tempête » et à celle de la sensibilité des peuplements forestiers. Les méthodes d'interactions spatiales nous semblent être des pistes prometteuses pour résoudre le problème posé. Deux grands axes de réflexion sont explorés :  1) en prenant en compte l’orientation des flux d’air, nous cherchons à mettre en évidence l’interaction entre mode d’occupation du sol et zones sinistrées, selon des critères de distance et de nature de l’interaction spatiale (approche par les potentiels…) ; 2) par ailleurs, nous orientons également nos travaux sur les interactions entre dégâts et ouvertures de structures (lacunes et enclaves) telles que chemins, carrefours, routes, clairières… Ce programme ambitieux, outre ses propositions méthodologiques, cherche aussi à répondre à une réelle attente des acteurs de la forêt : peut-on se prémunir face au risque « tempête » ? ","2003"
"Utilisation des analyses radiales pour quantifier l'échelle locale du paysage. Application à l'étude de la dynamique spatio-temporelle du campagnol terrestre","Karine Berthier, Jean-Christophe Foltête, Brigitte Prieur, Jean-François Cosson","En écologie du paysage, l’échelle spatiale est un élément clé pour comprendre l’influence de la variabilité spatiale de l’environnement sur les processus écologiques. Pour identifier et évaluer ces interactions les écologistes ont adapté une grande variété d’analyses spatiales issues d’autres disciplines. Dans le cadre de cette étude nous avons appliqué une analyse de voisinage, utilisée en pédologie, pour étudier un paysage en fonction de l’échelle spatiale. Cette méthode permet d’identifier l’échelle locale des motifs spatiaux et leur degré d’hétérogénéité, par l’analyse de courbes radiales. ","2003"
"Risques sismiques et risques technologiques. Application à l'agglomération de Mulhouse","Elise Beck, Michel Granet, Christiane Weber","L’étude des interactions entre risque sismique et risques technologiques en milieu urbain poursuit deux objectifs : le premier consiste à acquérir une meilleure connaissance des risques sismique et technologiques dans la région étudiée, et surtout des relations existant entre eux. Le second objectif consiste à imaginer des scénarios catastrophiques de manière à évaluer les conséquences d'une catastrophe dans l'optique d'une meilleure gestion des risques. L'agglomération de Mulhouse (Haut-Rhin, France) se place dans un contexte particulièrement favorable à une telle étude car il s’agit d’une ville industrielle exposée à des risques technologiques et naturels de natures différentes (risque sismique, inondations, explosion, incendie, pollution.). ","2003"
"Evaluer la qualité d'un service de transport interurbain. L'exemple du réseau ferroviaire régional","Hervé Baptiste","La loi du 13 février 1997, relative à la régionalisation du transport ferroviaire, suivie de la loi SRU de 2000, ainsi que la LOADDT de 1999 ont orienté la perception des infrastructures de transport vers une démarche intermodale plus aboutie et envisageant plus complètement le point de vue de l’usager. La qualité de service de l’offre de transport et l’appréhension de la chaîne complète de déplacement d’un usager sont devenues deux points d’entrée importants de l’évaluation de l’accessibilité. En définissant l’intérêt et les limites de plusieurs indicateurs, il s’agit de poser un regard critique sur les mesures « classiques », puis d’en proposer d’autres, plus originales, basées non seulement sur une approche en porte à porte et multimodale, mais aussi en intégrant les grilles horaires pour les modes de transport collectifs. En partant des mesures de type « meilleur temps » ou « fréquence » sur des exemples à l’échelle nationale, nous introduisons la notion d’aller-retour journalier, selon des niveaux progressifs de contraintes, afin de pouvoir évaluer, à l’échelle régionale, l’éventuelle adéquation des horaires de transport avec les rythmes de vie de l’usager, ou tout du moins, leurs besoins présumés. ","2003"
"Morphologie urbaine et mobilité pédestre. Identification des configurations spatiales déterminant les caractères locaux des déplacements piétonniers","Mehdi Flitti, Arnaud Piombini","Les pratiques pédestres au sein des espaces urbanisés demeurent mal connues. Afin de mieux comprendre ce type de déplacement et ainsi aider à son développement, nous proposons dans cet article d’étudier les liens entre morphologie urbaine et mobilité piétonnière. Cette exploration repose sur l’observation des variations spatiales des comportements moyens de marche à pied dictés par la configuration du réseau viaire en chaque lieu. Le niveau d'analyse considéré est celui des différents tronçons composant la voirie, où sont agrégés les attributs des trajets piétonniers d’une part, et des indicateurs de morphologie urbaine (configuration du réseau…) d’autre part. Cette mise en relation doit permettre d’identifier des configurations spatiales plus ou moins aptes à favoriser le trafic pédestre. ","2003"
"Densité, population cumulée et temps d'accès. Analyse des relations entre morphologie urbain et temps d'accès dans l'aire urbaine dijonnaise","Cyril Enault","Envisagé dès 1951, le modèle de Clark est aujourd’hui une référence en économie urbaine pour la modélisation des densités. Pourtant, en 1972, René Bussière, met au point un nouveau modèle de densité bien mieux ajusté aux données de population et plus à même de décrire l’étalement urbain. Reprenant ce modèle, Eric Tabourin et Alain Bonnafous, en 1994, propose une nouvelle formalisation adaptée aussi bien à la ville qu’à l’espace périurbain. Cette communication se propose de tester ces modèles standards de l‘économie urbaine en commençant par vérifier la validité des hypothèses monocentriques d’Alonso sur Dijon. Il est ainsi montré que l’on ne peut appliquer les logiques de Clark ou Bussière uniformément sur l’espace et qu’il convient de déterminer des secteurs où les modèles seront envisageables. Il est ensuite considéré que le temps d’accès est un bien meilleur descripteur que la distance au centre. Une méthode de calcul des vitesses est mise au point pour déterminer les temps d’accès au centre. En partant de ces résultats, un modèle a pour objet de montrer la non-linéarité du temps par rapport à la distance, ce qui contribue, dans l’éventualité d’une substitution de la distance par le temps à une reformulation des modèles de Clark et de Bussière. On est alors en mesure de spatialiser le modèle de Bussière en fonction des temps d’accès en mettant ainsi en avant une nouvelle rupture de nature temporelle trouvant son origine chez Zahavi et sa fameuse constance des budgets temps. ","2003"
"Un dispositif multi-échelle d'analyse des dynamiques agraire en zone des savanes de l'extrême nord du Cameroun","Eric Fotsing, Jean-Paul Cheylan, Wouter T. DeGroot, Peter H. Verburg","Les études agronomiques et socio-économiques à l’échelle de l’exploitation agricole ont un avantage certain pour la compréhension de la dynamique des systèmes agraires. C’est l’échelle la plus appropriée pour identifier les éléments structurants du système agraire et analyser leur logique d’organisation et  leur mode de gestion. Toutefois, les études à l’échelle du terroir montrent déjà les limites de ces approches locales qui présentent pour la plupart un caractère sectoriel et disciplinaire. De plus en plus, les expériences révèlent que ce n’est qu’à l’échelle de la petite région et plus encore à l’échelle régionale, que certains processus clé et des contrastes plus marqués se manifestent dans les systèmes de mise en valeur des espaces et leurs niveaux de productivité. En effet, l’identification des niveaux d'analyse et de représentation des données appropriés ainsi que le développement d’approches multi-échelles sont de plus en plus déterminants dans les études sur les systèmes naturels et sociaux. Cet article présente un dispositif multi-échelle conçu pour analyser les dynamiques spatiales du système agraire afin de  déboucher sur un modèle de projection des changements de l’utilisation de l’espace. La hiérarchie spatiale du dispositif est présentée et les questions relatives aux méthodes de changement d’échelle sont ensuite abordées. ","2003"
"L'apprentissage de l'allemand dans le grand est français : une approche à différents niveaux géographiques","Cécile Buxeda","Nous présentons dans cet article les principaux questionnements théoriques et méthodologiques rencontrés dans le cadre de nos recherches de doctorat. A travers l’étude de l’apprentissage de l’allemand, nous nous interrogeons sur les conséquences territoriales de l’évolution fonctionnelle de la frontière franco-allemande sur le grand Est français. Les formes de l’extension spatiale de cette pratique, étudiées à différentes échelles, montrent qu’elle est liée à la proximité de la frontière politique mais qu’elle traduit également une certaine persistance de la limite linguistique. L’analyse des comportements en matière de choix linguistique permettra également de déterminer s’ils sont liés à d’autres pratiques transfrontalières : pour répondre à ces questionnements, nous tenterons de démontrer ici l’intérêt d’une démarche d’analyse menée à plusieurs niveaux d’observation. ","2003"
"Paysage de montagne et télédétection. Intégration des outils géomatiques et des données numériques à l'étude du paysage d'estive (application aux Pyrénées)","Muriel Harguindéguy","Dans les Pyrénées les estives sont les pâturages d’altitude. Espaces sensibles, en pleine mutation, convoités et enjeux d’une économie fragile, elles font l’objet d’une attention particulière. Dans cette optique une connaissance exhaustive de ces milieux est plus que jamais nécessaire afin de réaliser des diagnostics pertinents. Ceux-ci impliquent de disposer de cartographies des milieux sur de grandes superficies. L’acquisition de cette information peut être facilitée par l’utilisation de la télédétection, elle permet de produire une cartographie thématique de l’occupation du sol dans une perspective appliquée (cartographies des valeurs pastorales, charge animale potentielle...). Notre objectif est de proposer une réflexion méthodologique afin d’utiliser l’information radiométrique (SPOT XS-P) et topographiques (MNT et données dérivées) pour cartographier - en termes de probabilités - des classes de paysages et les éléments qui les caractérisent. Elle est fondée sur la création d’une typologie issue d’une Analyse Factorielle des Correspondances (AFC) et d’une Classification Ascendante Hiérarchique (CAH) réalisées à partir d’observations fines de terrain (approche comparable à celle des phytosociologues). C’est une démarche totalement différente de celle des classifications supervisées ""classiques"". Pour simplifier, les informations radiométrique et topographique sont utilisées afin de spatialiser (dans le sens de couvrir de manière continue) des données observées ponctuellement dont la résolution est inférieure à celle des pixels. ","2003"
"Anamorphoses par transformations pseudo-équivalentes. Application à la cartographie thématique","Patrice Langlois","Nous présentons une transformation cartographique permettant d’agrandir ou de rétrécir les zones d’une carte en fonction des valeurs d’une variable descriptive associée. Nous souhaitons que cette transformation possède des propriétés spatiales clairement explicitées, tout en donnant des résultats visuels acceptables. Ainsi, nous avons défini une classe de fonctions polaires élémentaires qui conservent les surfaces, sauf au voisinage du pôle de déformation, c’est la propriété de pseudo-équivalence. Ensuite nous avons défini une opération de combinaison de ces transformations élémentaires, la ""composition progressive"" qui est commutative (c’est-à-dire indépendante de l’ordre d’application des transformations élémentaires) et qui préserve la propriété de pseudo-équivalence. Nous présentons enfin quelques cartes thématiques déformées, de manière à ce que les surfaces des zones deviennent proportionnelles aux valeurs descriptives associées. Nous analysons les avantages et les inconvénients des différents choix de fonctions envisagés. ","2003"
"Vers la mise en évidence d'une différenciation spatiale des secteurs de collecte des déchets ménagers. Application à la ville de Grenoble","Nicolas Perrin","La gestion des déchets constitue une préoccupation croissante pour les responsables des collectivités, les citoyens et les entreprises. Il est nécessaire de l’aborder de façon plus globale étant donné la complexité de cette thématique (multiplicités de schémas et de modèles de gestion des déchets ménagers selon les espaces, multitude d’acteurs et d’échelles d’actions). Dans cet article nous aborderons un besoin d’information récurrent des gestionnaires de la collecte: celui d’une analyse fine des secteurs de collecte des déchets ménagers. Le gestionnaire s’interroge sur la manière de rationaliser et d’optimiser les facteurs de production pour maîtriser le coût des collectes de déchets. Pour cela, il a besoin de connaître les performances réelles des équipes au regard du circuit qu’elles parcourent, d’où l’utilité de définir des paramètres communs « justes et fins » qui permettent de caractériser les circuits.  Toutefois les secteurs de collecte sont différents les uns des autres et répondent chacun à des contraintes spécifiques (nombre différent d’habitants, pourcentages d’habitat individuel et collectif distincts, nombre de commerces collectés, etc…). L’intérêt est d’utiliser des indicateurs « fins et rigoureux » ainsi que différentes données socio-économiques pour caractériser au mieux  les secteurs de collectes des déchets ménagers dans un SIG. ","2003"
"Méthodologie pour la gestion durable des têtes de bassins versants. De l'analyse globale des bassins versants au diagnostic écologique des systèmes ruisseaux","Raphaël Berthold","La nouvelle orientation de la gestion des milieux aquatiques, concrétisée par la loi « eau » du 3 janvier 1992 et les Schémas Directeurs d’Aménagement et de Gestion des Eaux, nécessite la mise en place de méthodes évaluant plus efficacement l’intégrité de ces milieux. Le Ministère de l’Environnement et les Agences de l’Eau ont reconsidéré les grilles de qualité utilisées au cours des dernières décennies. Il s’agit dès lors d’évaluer l’état des cours d’eau en fonction de trois volets : les polluants chimiques et organiques (SEQ-Eau), les perturbations physiques qui déstabilisent la structure et le fonctionnement des cours d’eau (SEQ-Physique), et enfin la qualité biologique (SEQ-Bio) par l’intermédiaire des bioindicateurs. Cependant, hormis le SEQ Eau, la plupart de ces systèmes d’évaluation ne sont pas opérationnels et sont le plus souvent adaptés surtout aux rivières.  L’objectif de notre article est de proposer une méthode permettant d’évaluer l’intégrité écologique des ruisseaux. Elle a pour objectif de mettre en évidence l’influence de facteurs anthropiques ou naturels sur le développement d’une espèce à forte valeur patrimoniale : la truite commune de souche autochtone. L’intérêt de cette démarche est de proposer un système d’évaluation qui intègre à la fois les composantes biologiques (Indice Poisson) et physiques (habitat) en vue d’apprécier l’état de fonctionnalité de ces petits organismes. ","2003"
"M'Géofoot : un logiciel pour illustrer la relation sport-territoire","Frédéric Grosjean, Alexandre Moine","Aujourd’hui, les acteurs du fait sportif sont multiples, les logiques de développement de chacun étroitement liées et les référents informationnels sur lesquels peuvent porter les diagnostics complètement dispersés. L’enjeu d’une mise en cohérence des multiples données qui décrivent le fait sportif est devenu crucial. Nous présentons ici la démarche de mise en place d’un observatoire du football (MGéO’FOOT) permettant de mieux gérer, organiser et comprendre l’évolution du football dans un cadre régional. Cet observatoire est appliqué à la région Franche-Comté. ","2003"
"Approche méthodologique multicritère pour l'analyse d'un évènement ponctuel dans une logique temporelle longue. Application à l'évolution des infrastructures et équipements des jeux olympiques d'hiver de l'arc alpin","Jocelin Sébastiani","Afin d’obtenir l’investiture olympique, les villes et les nations s’affrontent périodiquement dans des projets qui dé¬passent largement le seul cadre sportif lui-même : projets architecturaux des équipements, projets d’aménagement et de recon¬version des sites, projets de développement urbain… Les divers équipements construits à l’occasion des Jeux agissent comme des moteurs importants du développement urbain local en modifiant le territoire et les habitudes des populations dans leurs fa¬çons d’utiliser et de se représenter leur espace vécu. Nous nous interrogerons sur la manière et les indicateurs susceptibles d'être retenus pour l'analyse du phénomène olympique à travers cinq pays de l'arc alpin. Ce sont tout autant de problématiques qui peuvent intéresser le géographe, tant la dynamique qu’instaurent les Jeux Olympiques sur une région et une ville est impor¬tante et laisse des traces dans le paysage. ","2003"
"Apport des données Aladin dans le cadre d'une prévision de l'ozone troposphérique en Bourgogne","Marie-Laure Houze, Pascale Chevrand, Yves Richard","Le CRC et les réseaux de surveillance de la qualité de l'air ATMOSF'air Bourgogne Centre-Nord et Sud élaborent un outil de prévision au lendemain de la pollution à l’ozone troposphérique. L’objectif est de prévoir les concentrations maximales quotidiennes à l’aide de modèles statistiques exploitables par les réseaux. Ces modèles considèrent des précurseurs de l’ozone, mesurés le jour où est effectuée la prévision, et les conditions météorologiques du jour pour lequel est effectuée la prévision. Une première étape fut d’étudier la prévisibilité de l’ozone à partir d’observations météorologiques ou « prévisions météorologiques parfaites ». Une seconde fut de réaliser de véritables prévisions. Elle intègre des prévisions météorologiques, par essence imparfaites : les données issues du modèle numérique ALADIN (Aire Limitée, Adaptation dynamique, Développement InterNational) de Météo-France, échéances 27 et 36 heures. Les performances en prévision sont plus élevées qu’en prévisibilité : les prévisions météorologiques issues du modèle numérique sont donc plus informatives, du point de vue opérationnel, que les mesures in situ. En effet, la modélisation pallie certaines carences de l’observation : en Bourgogne, l’absence de radiosondage ne permet pas de connaître la stratification verticale de l’atmosphère, paramètre très important en ce qui concerne les concentrations en ozone troposphérique. ","2003"
"L'utilisation d'ensembles de données climatiques sur modèles de circulation générale de l'atmosphère. Concepts, méthodes et application à la climatologie de l'espace sud-africain","Nicolas Fauchereau, Yves Richard","Les séries (ensembles) de simulations longues sur modèles numériques de Circulation Générale de l’Atmosphère (MCGA) - réalisées par la communauté des physiciens de l’atmosphère – offrent au géographe climatologue plusieurs informations relatives à la variabilité du climat complétant l’analyse des séries observées.  L’étude présentée ici se base sur un ensemble de 8 simulations longues (de 1948 à 1997) réalisées sur le MCGA français ARPEGE Climat - Version 3 (Centre National de Recherches Météorologiques). Ces simulations utilisent comme conditions aux limites l’énergie solaire et  les champs de Températures de Surface de la Mer. Ces dernières varient en fonction des observations mensuelles et sont donc la principale source de la variabilité interannuelle du forçage exercé sur l’atmosphère. Les principaux concepts (variabilité forcée de l’atmosphère versus variabilité interne ou « chaotique », prévisibilité de l’atmosphère) sont d’abord exposés. Les méthodes statistiques utilisées (Analyse de Variance, Analyse en Composantes Principales étendue) sont ensuite rapidement présentées. L’exemple donné concerne l’étude de la variabilité et de la prévisibilité des précipitations en Afrique Australe. ","2003"
"Vers un modèle dynamique des mobilités résidentielles : développement sur Bogota","Marie Piron, Françoise Dureau, Christian Mullon","Dans le cadre d'un programme de recherche sur les mobilités spatiales et les transformations territoriales de Bogota, capitale de la Colombie, nous cherchons à modéliser de façon dynamique les mobilités résidentielles intra-urbaines et les changements du parc de logements. Nous proposons d'élaborer, dans le cadre de la théorie des jeux, un modèle économique basé sur le marché du logement et plus précisément sur un équilibre spatial entre l’avantage et le coût de déménager : les ménages cherchent un logement en fonction de l'attractivité des différents secteurs urbains (la localisation, la composition du parc de logements). Nous couplons ce modèle à un modèle démographique qui prend en compte l’évolution et les modifications de la population et du parc de logements. Nous considérons pour cela des groupes homogènes de ménages et de logements. Ces groupes sont obtenus à partir d’analyses typologiques réalisées sur les données des recensements et sont localisés. Nous adoptons par conséquent une approche intermédiaire entre les approches spatiale et individuelle classiquement utilisées dans l’élaboration des modèles urbains dynamiques. ","2003"
"Représentations paysagères : quelles perspectives pour l'aménagement ?","Catherine Caille-Catin","Le paysage est produit par une communauté d'hommes ne projetant pas forcément les mêmes intentions paysagères. Aussi, les représentations des divers acteurs qu'ils soient aménageurs, décideurs ou usagers, influencent la prise en compte du paysage dans les projets d'aménagement du territoire. La multiplicité des représentations ne facilite pas le dialogue qui devrait s’instaurer entre eux lorsqu’ils établissent ensemble ces projets, cependant l’élaboration de consensus est nécessaire. Cet article présentera dans un premier temps un état des difficultés susceptibles d’être rencontrées, puis dans un second temps, les démarches méthodologiques mises en œuvre pour étudier les représentations paysagères et la façon dont elles se construisent, afin de comprendre les facteurs qui induisent les choix et les pratiques de gestion paysagère des acteurs. Les analyses susciteront ultérieurement, des médiations capables d'améliorer la prise en compte du paysage dans les opérations d'aménagement du territoire par ces différents acteurs. ","2003"
"Les espaces touristiques représentés : proposition d'analyse","Céline Tritz","Le développement de la société de loisirs explique sans doute l’intérêt porté aux espaces touristiques par les géographes. Espaces produits, espaces consommés, leur approche fonctionnelle est déjà bien étudiée. Nos devanciers ont déjà élaboré de nombreux modèles partiels, par exemple pour comprendre l’organisation spatiale d’une cité balnéaire et la diffusion du tourisme à petite échelle. À côté de cette géographie fonctionnelle déjà bien étudiée, nous nous proposons d’associer une géographie de l’image touristique. Cet espace-image, abordé sous l’angle de la médiatisation, est au cœur de notre travail. Un support d’analyse est choisi, le guide touristique, un domaine d’étude est privilégié, l’arc méditerranéen. L’approche spatiale de la médiatisation, à travers ses structures spatiales, y est privilégiée. Prenant appui sur le contenu littéral des guides, plusieurs bases de données ont été créées. À partir de ces données et par la création d’images issues de leur spatialisation, l’utilisation de diverses méthodes d’analyse spatiale permet de révéler les structures spatiales des lieux tels qu’ils sont décrits par les auteurs des guides touristiques. ","2003"
"Musées de la Grande Guerre et identité territoriale en Picardie : les territoires pétrifiés","Anne Hertzog","Cet article est  une contribution à l’analyse géographique des lieux de mémoire, notion passée dans le champ des sciences sociales mais peu explorée par les géographes. L’article propose une analyse de  la dimension spatiale de la commémoration de la Première Guerre mondiale en Picardie, une région traversée par le front de 1914 à 1918 et théâtre de violents combats. L’approche se veut comparatiste : les réseaux des lieux de mémoire ont une extension et une forme différentes dans chaque département. Ceci s’explique par les stratégies différentes des acteurs intervenant dans leur structuration : acteurs locaux, nationaux mais aussi étrangers car la Picardie est aujourd’hui un lieu de mémoire international. La comparaison de trois musées étrangers édifiés dans la Somme, permettra d’analyser la mise en place de réseaux transnationaux dont l’organisation rappelle les phénomènes diasporiques. Enfin, il faudra s’interroger sur la place du paysage dans la transmission de la mémoire. ","2003"
"Voyage et paysage : rencontre d'images","Lucie Fontaine","Par nature un voyage s’inscrit dans un cadre paysager, mais les relations qui unissent le paysage au voyage sont plus complexes que la seule traversée d’un espace. Avant de partir, on rêve son voyage ; sur place, on rencontre un espace, et au retour, restent les souvenirs… D’après J.-D. Urbain, l’envie de voyage se définit selon trois modèles de représentation où le voyageur se projette ; celui qui nous intéresse particulièrement ici est celui de “l’espace du voyage” ou “modèle d’univers” dont le paysage, forme visible du territoire, devient alors le “signe”. En mesurant le décalage entre les représentations, les perceptions et la réalité d’un paysage nous pourrons identifier les motifs paysagers qui président au choix d’un voyage et ainsi essayer de cerner l’importance de ces derniers dans ces “modèles d’univers”. ","2003"
"Paysages virtuels et projets territoriaux","Sandrine Alinat","La modélisation paysagère apparaît comme une méthode séduisante facilitant l’implication des acteurs territoriaux. La représentation paysagère réaliste, empreinte d’esthétisme, constitue un facteur déterminant pour la prise de décision dans les projets d’aménagement. Cependant, elle reste parfois peu adaptée dans la validation des scénarios territoriaux. L’exemple d’un projet d’extension forestière permettra de s’interroger sur la pertinence et le degré d’applicabilité de ces nouveaux outils informatiques utilisés dans l’aide à la négociation et à la décision sur des projets d’aménagement territoriaux. ","2003"
"Fonctionnalité et vulnérabilité des réseaux de transport. Le cas du métro parisien","Jean-François Gleyze","Les catastrophes naturelles et anthropiques menacent d’endommager les réseaux de transport, non seulement de manière structurelle, mais également de manière fonctionnelle en provoquant des perturbations par le jeu des déviations. Dans ce contexte, nous avons choisi d’étudier le fonctionnement du réseau de métro parisien en mode normal et en mode endommagé. Dans un premier temps, nous définissons et quantifions l’efficacité du réseau pour le rôle qui lui est assigné. Nous caractérisons ensuite le rôle fonctionnel des différentes composantes du réseau en mode de fonctionnement normal. En regard de cette étude, nous considérons enfin l’éventualité de catastrophes et étudions les potentialités du réseau en termes de chemins alternatifs, d’une part, à l’aide d’un indice synthétique issu de la recherche sur les transports, d’autre part, dans le contexte de scénarios d’endommagement précis. Les conclusions de ce travail éclairent la compréhension du fonctionnement du réseau dans une logique de prévention de risques. ","2003"
"Dynamiques scalaires et temporelles des villes-ports. Typologie mondiale de 330 trajectoires urbano-portuaires, 1990-2000","César Ducruet","À partir de l’analyse d’une abondante littérature, cette recherche propose de mettre en valeur les mutations complexes que connaissent les villes portuaires ou « villes-ports » au niveau mondial. Dans un contexte de recomposition permanente du transport maritime conteneurisé et des dessertes continentales, la mobilité accrue des flux semble toujours plus entrer en contradiction avec les dynamiques urbaines à plusieurs niveaux géographiques simultanés. La constitution d’une base de données mondiale sur plus de trois cents nœuds nous permet d’analyser le changement produit sur la période récente (1990-2000). Le modèle spatio-fonctionnel d’incompatibilité croissante entre fonctions urbaines et portuaires est ainsi relativisé grâce aux résultats de l’analyse factorielle des variations temporelles, aboutissant à une forte différentiation régionale des trajectoires ville-port. ","2005"
"Modèle d’analyse locorégional     des systèmes énergétiques","Khaled Ibrahim, Marie-Hélène De Sède-Marceau","Le défi majeur qui se pose aujourd’hui à tout acteur du système énergétique est de rendre compte des rapports, à la fois contradictoires et simultanés, entre mondialisation et décentralisation, d’une part, et entre développement socio¬économique et développement durable, d’autre part. Ce défis doit être abordé par une approche globale, seule capable d’appréhender toute la complexité du problème, induite par les interactions des facteurs socio-économiques, politiques, technologiques et environnementaux. Cette approche doit être menée en replaçant le système énergétique dans un cadre territorial permettant de saisir les logiques et les implications spatiales des différentes composantes du système. Dans ce sens, une modélisation systémique d’un système énergétique territorial est proposée. Il en découle deux niveaux de représentation et d’analyse : d’abord, un schéma d’organisation et d’évolution représentant le système énergétique comme un ensemble d’éléments en interaction (contenu) dans un référentiel spatio-temporel (contenant) ; ensuite, une grille d’analyse du système énergétique qui combine deux approches, approche territoriale locorégionale (du niveau local au niveau régional) et analyse dynamique. À partir de cette grille, un cadre méthodologique est proposé pour l’élaboration d’un système d’information et de simulation dynamique des systèmes énergétiques territoriaux à l’échelle locorégionale, dont nous avons tracé les contours en termes d’architecture et de méthodes de formalisation. ","2005"
"Comment évaluer et représenter le changement de la structure sociale de Bogotá ? Les niveaux d'observation dans l'analyse du changement","Marie Piron","L’objectif de ce travail est d'analyser les changements structuraux de la composition sociale de Bogotá entre 1973 et 1993 et d’étudier la manière dont ces changements s’organisent spatialement. Pour cela, nous proposons de recourir aux outils d'analyse exploratoire multidimensionnelle et nous procédons à une analyse comparative de hiérarchies de partitions aux différentes dates. Ceci offre plusieurs avantages. D’une part, parce que ces outils sont robustes et adaptés pour faire ressortir les formes sociales de la ville, un changement dans les structures, même minime entre deux dates, apparaît alors significatif et a du sens. D’autre part, il est possible d'observer progressivement les changements de la composition sociale de Bogotá ; comparer les typologies relatives aux deux années en jouant sur leurs différents niveaux de granularité permet de dégager la manière dont les formes sociales se modifient, persistent, disparaissent ou encore émergent sur la période d'étude. La méthode est qualitative et montre comment l’analyse du changement de la structure sociale dépend du niveau d’observation. ","2005"
"Mesurer des « potentiels culturels » urbains","Françoise Lucchini","Cette recherche propose un éclairage sur les formes culturelles collectives perceptibles dans la société contemporaine : « une culture au pluriel » ouvrant sur des pratiques possibles pour les individus. La démarche constructiviste suivie conduit à une évaluation de l’offre culturelle proposée aux citadins. Cette offre se compose de différents services et équipements, culturels et artistiques, présents dans les villes, ainsi que d’enseignements spécialisés, à la fois dans un registre académique et dans un registre plus populaire. Les configurations géographiques de ce dispositif culturel, les stratégies politiques divergentes ou ressemblantes, les pôles culturels sont ainsi observés en France, au Royaume-Uni et au Québec, i.e. dans des contextes politiques nationaux différents pour éprouver la robustesse du « système culturel global » qui se dessine en filigrane. Une investigation multiscalaire est proposée. On présente in fine une mesure simple et transposable de l’offre culturelle à l’intérieur des quartiers urbains. Ce potentiel culturel est calculé sur la base d’un carroyage urbain. La carte du « potentiel culturel » obtenue révèle l’existence de différents pôles culturels, ou « centres de gravité » de ce phénomène spatial, i.e. de la distribution de l’offre culturelle dans la ville en quantité et en variété. ","2005"
"Analyse et évaluation de la vulnérabilité aux inondations du bassin de l'Orge aval","Bruno Barroca, Nathalie Pottier, Emilie Lefort","Cet article présente la construction d’un outil d’évaluation de la vulnérabilité liée au débordement d’un affluent de la Seine à l’amont de Paris et une application à la partie urbanisée du bassin versant. Les réflexions formulées sont issues d’une approche exploratoire réalisée à partir d’un important travail bibliographique précédant les études de terrain et les interviews des principaux acteurs locaux. L'outil d'évaluation élaboré permet d'analyser et d'évaluer la vulnérabilité locale aux inondations urbaines selon plusieurs facteurs. Il s’agit de la vulnérabilité liée à l’aléa (1), la vulnérabilité de la population (2), la vulnérabilité du bâti (3), la vulnérabilité liée aux usages (4) et la vulnérabilité liée à la gestion de crise (5). Chacun de ces cinq facteurs fait l'objet d'une grille d'analyse et d'évaluation qui permet d'élaborer des indicateurs de vulnérabilité à partir de listes détaillées de critères. Ces grilles, élaborées en concertation avec des praticiens, gestionnaires du risque, constituent un outil d'aide à la décision dans le cadre d’une gestion intégrée des zones urbaines soumises à inondation. L’accent est mis sur la partie méthodologique de l’outil et non sur les résultats propres au site étudié (site de l’Orge aval). ","2005"
"Détection automatique et cartographie des villages ruraux dans les pays en développement par télédétection et analyse spatiale","Nicolas Devaux","La donnée cartographique grande échelle relative au peuplement, comme la localisation individuelle des habitations, est primordiale pour un grand nombre d’aménagements du territoire. Cependant, sa disponibilité est quasi nulle dans les zones rurales des pays en développement, où les données cartographiques existantes datent de plus de cinquante ans et dépassent rarement le 50000e. L’électrification rurale décentralisée (ERD) menée par l’ADEME et EDF dans des pays en développement, est un exemple de projet de développement local qui nécessite la localisation précise des habitations pour réaliser des choix techniques. L’arrivée des données satellitaires haute résolution spatiale (HRS) et très haute résolution spatiale (THRS) peut fournir des alternatives à la situation actuelle en produisant des données cartographiques récentes à des échelles en adéquation avec les besoins. Mais, l’automatisation des traitements impose l’adoption de nouvelles méthodes afin de dépasser les limites des approches purement radiométriques. L’approche spatiale, en valorisant la prise en compte de l’organisation spatiale des zones abordées par des traitements automatiques de classification, permet d’obtenir des résultats prometteurs. Cet article propose un développement de l’approche méthodologique, et sa mise en application pour la délimitation de villages dans la région de l’Extrême-Nord Cameroun. ","2005"
"L'angle solide, un outil pour la lecture du paysage","Jean Duchesne, Vincent Bouvier, Céline Dreyer","La recherche ici menée s’attache à étudier la relation entre la quantification de paramètres géométriques via la mesure de l’angle solide (facile à relier aux notions d’écran et trouée visuels) et la lecture du paysage. Cette démarche prendrait en compte les trois dimensions de l’espace. La notion d’angle solide peut être proposée comme un outil d’analyse des formes paysagères. L’angle solide correspond à la mesure de la projection sur une sphère de la forme d’un objet depuis un point d’observation. L’article propose dans un premier temps de préciser le contexte dans lequel un tel outil peut être utilisé et d’expliciter la notion d’angle solide. Dans un deuxième temps, il présente les modalités de calcul en rapport avec quelques principes de trigonométrie sphérique selon deux méthodes de mesure : une avec un théodolite in situ et une à partir de photographies en deux dimensions du paysage. Dans un troisième temps, une discussion envisage l’intérêt et les perspectives d’une telle approche. ","2005"
"Se déplacer dans le paysage. Essai de modélisation de la visibilité depuis les routes franc-comtoises","Sébastien Nageleisen","Il existe de multiples acceptions du terme et du concept de paysage et corrélativement de multiples méthodes pour l’étudier. Chez les géographes, l’usage est d’appréhender le paysage dans sa globalité. Chaque point de l’espace étant traité de la même manière, en tant que paysage potentiellement visible. Cette conception les éloigne des pratiques habituelles des usagers de l’espace. En effet, ceux-ci découvrent et appréhendent le paysage à travers des itinéraires et des modes de déplacements variés qui définissent une succession d’images selon les panoramas et les points de vue délivrés. Partant de ce constat, il est intéressant de réintroduire, dans l’approche géographique, les termes de découverte de paysage tels qu’ils résultent de la pratique ordinaire des usagers. Ce travail de formalisation ne prenant pas en compte les phénomènes de perception mais uniquement le potentiel de visibilité, peut se construire, sur des bases raisonnées et expérimentales, grâce aux ressources offertes par les données informatiques. Cet article ne correspond qu’à une petite partie d’un travail nettement plus conséquent où cohabitent essentiellement deux méthodologies : l’analyse de visibilité sur SIG et celle par banques d’images. L’article n'aborde que la première d'entre elles, appliquée à l'analyse du potentiel de visibilité des routes franc¬comtoises. ","2005"
"La photographie oblique terrestre pour une veille environnementale en milieu arctique (webcam du Zeppelin Fjellet, 79°N, Spitsberg)","Madeleine Griselin, Sébastien Nageleisen, Serge Ormaux, Kim Holmén, Dominique Laffly","La photographie oblique prise depuis la surface de la terre peut devenir un outil complémentaire à l’imagerie projectionnelle (photographie aérienne et image satellite) utilisée habituellement en télédétection. Pour un coût de mise en œuvre assez faible, elle autorise un suivi environnemental à des échelles spatiales et temporelles particulièrement fines, et ce malgré une faible définition de l’image. En Arctique, les données météorologiques standard rendent mal compte de la dynamique de la neige et de la glace de mer. Or, ce sont là deux composantes fondamentales de l’environnement polaire qu’il est possible d’appréhender à partir de leur dimension paysagère. Depuis mai 2000, une webcam est installée sur le Zeppelin Fjellet (78°53’N, 11°53’E, 474 m d’altitude). Depuis plus de quatre ans, elle fournit 24 images par jour, offrant une vue panoramique sur la baie du Roi et la station de Ny Ålesund. Les 36 000 clichés de cette collection représentent un gisement d’information considérable — et disponible gratuitement sur Internet – sur une région particulièrement réactive au changement global. Si les images orthorectifiées autorisent la réalisation de bilans surfaciques, les images brutes offrent une grande richesse d’information en ce qui concerne les premiers plans (sandur et fjord). La banque d’images permet d’établir des types de couverture de la neige et de la glace de mer. Ces types s’enchaînent dans le temps selon des séquences présentant une grande variabilité interannuelle qu’il est possible de mettre en relation avec les données météorologiques (température de l’air, précipitation, vitesse et direction du vent). À terme, nous envisageons d’utiliser un réseau d’appareils photographiques numériques reliés à des intervallomètres qui fourniront de manière automatique des données nombreuses et dédiées à l’analyse de phénomènes spécifiques. Grâce à une dizaine de stations photographiques installées sur un petit bassin englacé (Loven Est), on pourra tirer de l’image oblique, des informations quantitatives à propos du manteau neigeux et donc en déduire la lame d’eau correspondant à la fonte sur les 10 km2 de bassin. ","2005"
"Schémas d’interactions dans les systèmes multi-agents","Benoît Glisse","Les interactions jouent un rôle déterminant dans la dynamique des systèmes multi-agents. Il est nécessaire pour le modélisateur de créer des mécanismes d’interactions qui traduisent ses connaissances et ses hypothèses, afin de construire son modèle. Or les options mises à sa disposition sont pour ainsi dire infinies, d’autant que la similarité entre le modèle interactionnel et l’observé est rarement un but en soi. En effet, cela provient soit d’un choix volontaire de modélisation, soit de l’impossibilité d’en obtenir une simulation. Le problème du choix d’une représentation adéquate pose une réelle difficulté d’utilisation des systèmes multi-agents. Cet article vise à mettre en exergue la richesse des modèles interactionnels des systèmes multi-agents et à les replacer dans la problématique plus générale du processus de modélisation. Dans cette perspective, le rôle organisationnel des modèles interactionnels sera d’abord discuté au travers des différentes solutions générales puis détaillé à l’aide de quelques exemples. ","2005"
"Pour une géographie de l’interspatialité. L’exemple romain","Géraldine Djament","Cet article propose un transfert de la notion littéraire d’intertextualité en géographie. L’exemple du pèlerinage aux Sept Églises, emprunté à la Rome de la Contre-Réforme, montre qu’une référence à un autre espace peut structurer la pratique d’un espace : le déplacement autour de Rome se double d’un déplacement imaginaire autour de la Chrétienté et de Jérusalem. La notion d’interspatialité permet de théoriser une telle pratique. De même que l’intertextualité a révélé la dimension dialogique de chaque texte, l’interspatialité représente un nouveau type d’interaction spatiale, ressortissant du domaine des représentations de l’espace. À partir de cette présentation, la Rome moderne est présentée comme un laboratoire de l’interspatialité. Elle utilise de nombreuses citations spatiales, et constitue également un espace de référence pour d’autres villes : elle s’avère au centre d’un dispositif interspatial complexe. Enfin, cet article en appelle à une généralisation en esquissant une classification des interspatialités et en s’interrogeant sur les fonctions – en particulier de légitimation - d’une telle cospatialité. ","2005"
"Le territoire comme un système complexe. Des outils pour l’aménagement et la géographie","Alexandre Moine","Les territoires sont aujourd’hui sur le devant de la scène, pressés de fournir des solutions de développement socio¬économique, ou une image cohérente des lieux qu’ils englobent. On assiste à une forte utilisation du concept, tout est territoire ; et des concepts qui recouvrent d’autres réalités glissent imperceptiblement vers cette notion devenue très générale, qui représente tout et rien à la fois. Nous avons donc souhaité la revisiter sous un angle systémique, afin de produire une définition opérationnelle qui permette de re-situer le territoire vis-à-vis de l’espace géographique. Le territoire défini se trouve ainsi replacé au cœur de la complexité. ","2005"
"Le dilemme du prisonnier spatialisé. Application aux coopérations territoriales","Michel Bussi, Eric Daudé","La coopération territoriale est devenue un enjeu majeur dans les politiques d'aménagement/développement du territoire. L'aménagement du territoire se présente désormais moins comme un processus autoritaire et descendant que comme une incitation à des coopérations émergentes des territoires locaux, invités à se mettre en synergie au sein de périmètres pertinents : l'additionnalité entre collectivités des financements des équipements structurants, la multiplication de la contractualisation territoriale, le développement de l'intercommunalité à fiscalité propre en sont autant d'exemples. Il reste que le postulat d'une coopération spontanée entre territoires peut apparaître bien utopique, dans le sens où chaque décideur, y compris s'il est lui même altruiste, prendra néanmoins avant tout sa décision dans le sens de l'intérêt du territoire qu'il représente. La coopération territoriale ne semble réellement crédible que dans une stratégie "" gagnant-gagnant "". La question ainsi posée "" pourquoi les territoires coopèreraient-ils dans un contexte d'économie concurrentielle entre territoires ? "" renvoie clairement aux travaux de Robert Axelrod (1984) sur les théories du comportement coopératif, et plus généralement sur les réflexions de la théorie des jeux autour du "" dilemme du prisonnier "".","2005"
"Développement territorial et post-fordisme. Quels enjeux pour l'emploi en Suisse ?","Christophe Mager","Cette communication propose un cadre d'analyse pouvant contribuer à interpréter l'évolution de l'emploi en Suisse entre 1985 et 2001, sous l'hypothèse post-fordiste voulant que les régions économiquement les plus performantes soient désormais celles capables de mobiliser des ressources endogènes, non réductibles à une structure productive, appelées « effets régionaux » (culture locale, institutions formelles et informelles, capital relationnel, interconnexions…) (Amin, 2003 ; Fontan, 2003). Le modèle économétrique de R. Marimoni et F. Zilibotti (1998) sera utilisé pour repérer dans quels bassins d'emploi et pour quelles activités industrielles et tertiaires ces effets régionaux ont été les plus importants. Les analyses permettront :  le repérage d’un ensemble de régions potentiellement génératrices de bonnes pratiques régionales à analyser plus en détail (systèmes productifs locaux, gouvernance, etc.) ; l'identification, par région d’analyse, des branches dans lesquelles ces bonnes pratiques pourraient être effectives. Nous conclurons, sur la base des résultats obtenus, en nous interrogeant, d'une part sur la pertinence, en Suisse, de l'hypothèse post-fordiste selon laquelle le modèle de développement capitaliste actuel recherche une spatialité propre traduisant ses rapports internes et favorisant les espaces métropolitains et, d'autre part, sur son caractère novateur par rapport aux approches traditionnelles de l'économie spatiale (Krugman, 1998). ","2005"
"Analyse de la répartition spatiale  des concentrations d’ozone en Bourgogne. Résultats préliminaires","Marie-Laure Houze, Thierry Castel, Yves Richard","Une campagne de mesures de l’ozone troposphérique par tubes à diffusion passifs a été effectuée en août 2000 sur toute la région Bourgogne afin d’essayer de mieux comprendre la répartition spatiale des concentrations à l’échelle d’une région. Les résultats ont montré, comme attendu, des concentrations en ozone diurne et nocturne différentes. À cette variabilité jour/nuit serait associée une superposition de signaux d’échelles spatiales et temporelles différentes. En première approximation, nous avons considéré les concentrations d’ozone mesurées sur la région comme la somme de plusieurs signaux de fréquences différentes : un signal « basse fréquence » — ou de fond — dont on cherche à s’affranchir pour se consacrer au signal haute fréquence d’origine locale – i.e. résiduel. La corrélation spatiale de cette valeur résiduelle a ensuite été caractérisée par le calcul et la modélisation des semi-variogrammes expérimentaux. L'analyse et l'interprétation préliminaire de cette structuration ont enfin été conduites via un SIG, par croisement de différentes couches d'information des propriétés de la surface et des états de l’atmosphère sur l’ensemble de la colonne d’air. Les résultats montrent, pour certaines dates, la prépondérance des effets dispersifs sur la répartition des concentrations spatiales de l’ozone. Ces effets sont fortement modulés suivant les configurations (états de l’atmosphère et niveaux de concentrations) par les propriétés de surface (rugosité). ","2005"
"Exploration de l’effet des types de mobilités sur la diffusion des épidemies","Eric Daudé, Emmanuel Eliot","Peu de travaux envisagent la diffusion à travers l’étude des comportements de mobilité qui sont des facteurs épidémiogènes fondamentaux. En effet, les vecteurs que sont les êtres humains ont des comportements de mobilité différents qui peuvent avoir des effets différenciés sur la configuration des épidémies. Ici, plusieurs types de mobilité sont testés. Ils prennent non seulement en considération les formes de la circulation (linéaire, circulaire) mais aussi ses rythmes (avec ou sans arrêt). Afin d’explorer le comportement de ces hypothèses et leurs incidences sur la dynamique de propagation, différents modèles à base d’agents sont implémentés et soumis à la simulation. ","2005"
"Aux origines de l’urbanisation balnéaire sur le littoral sud-breton ou vendéen","Johan Vincent","Pour certains auteurs, le bord de mer risque de n’être plus qu’une ligne de maisons et d’immeubles, à force de spéculation sur le rivage. Pourtant, ce débat sur l’urbanisation n’est pas nouveau, il naît même consécutivement à l’urbanisation du littoral, au cours du XIXe siècle en France. Investir sur le littoral à cette époque est une initiative périlleuse toutefois. Réfléchir sur les motivations d’implantation sur le bord de mer du Sud-Bretagne et de Vendée permet de comprendre quels sont les mécanismes qui ont créé le littoral tel que nous le connaissons aujourd’hui. Arrivée d’une nouvelle population motivée par une nouvelle mode, transformation et accessibilité au rivage qui ont rendu ce territoire viable, plusieurs étapes ont été nécessaires avant que ne soit rendue possible l’urbanisation. ","2005"
"Iconographies paysagères et connaissances sur les paysages. Proposition méthodologique pour évaluer les représentations paysagères divulguées par les atlas des paysages aux acteurs de l’aménagement du territoire","Catherine Caille-Catin","les atlas de paysages ont été conçus dès 1994 comme outils possibles de connaissance paysagère. Leurs auteurs dressent l’inventaire des paysages régionaux et les analysent. Les prises de décision peuvent ainsi être facilitées par le traitement des informations contenues dans l’atlas. Les images (textes, photographies, cartes, croquis…), comme re-présentations des paysages qui les composent, révèlent et nourrissent des représentations sociales du paysage par la nature des informations divulguées et favorisent ainsi certaines démarches paysagères. Les images visuelles et textes contenus dans les atlas des paysages génèrent donc pour les acteurs de l’aménagement des représentations mentales paysagères qui font écho à leurs représentations initiales. Ces dernières sont développées par leurs diverses expériences – individuelles, professionnelles, etc. – et composent un répertoire de concepts plus ou moins élaborés sur lequel les acteurs vont interpréter et filtrer les informations nécessaires à la connaissance paysagère dont ils ont besoin pour concevoir les projets d’aménagement. Les choix des informations iconographiques et textuelles paraissent donc primordiaux pour la conception des atlas des paysages. L’observation et l’analyse des outils de connaissance paysagère mis à disposition des acteurs de l’aménagement du territoire permettront de spécifier les singularités retenues par les divers maîtres d’ouvrage et maîtres d’œuvre dans les atlas des paysages. Cette recherche révèlera des intentions de communication diverses en direction des acteurs Notre communication présentera le protocole méthodologique nécessaire à cette étude ainsi que les analyses réalisées.","2005"
"Les enquêtes de perception paysagère à l'aide de photographies. Choix méthodologiques et exemples en milieu fluvial","Yves-François Le Lay, Hervé Piegay, Mélanie Cossin","De nombreuses enquêtes de perception paysagère ont été réalisées à l'aide de photographies prises au sol. Un bilan bibliographique présente les différents paradigmes au sein desquels elles ont été menées. Puis les options méthodologiques sont présentées pour préciser dans quelle mesure l'emploi des clichés est justifié et pour indiquer comment se construit un photo-questionnaire. Le nombre de photographies et leur sélection sont discutés. L'intérêt de différentes échelles d'attitude (notamment celle de Likert et l'échelle analogique visuelle) est également abordé. En outre, les résultats de trois enquêtes illustrent la pertinence de ces démarches, soulignant leurs atouts et leurs limites. Elles ont été conduites sur des paysages fluviaux, orientées vers l'évaluation des politiques d'aménagement et réalisées dans le cadre des paradigmes psychophysique et cognitif. Au total, il s'agit de dégager l'apport de telles enquêtes au travail des gestionnaires en terme de prise de décision, puisqu'elles permettent d'aborder le champ de la modélisation et d'anticiper des réactions en fonction des éléments structurants des paysages. ","2005"
"Représentations cognitives de l’espace urbain chez les adolescents. Une première approche méthodologique des disparités liées à l’âge","Kaira Hamza","Les représentations cognitives de l’espace sont des entités mentales intériorisées et construites par l’individu en relation avec ses interactions avec l'environnement. Résultat de nombreux processus mentaux et dynamiques, elles sont non statiques et différentes d’un individu à un autre. L’article présente les représentations cognitives que des adolescents âgés de 12 à 18 ans ont de la ville de Belfort, ville-test. Plus particulièrement, il traite des disparités observées dans les représentations de l’espace urbain aux différents âges de l’adolescence. L’article présente l’ensemble de la démarche méthodologique mise en place afin d’étudier ces disparités : de la formulation de l'hypothèse, qui stipule que les représentations cognitives de l’espace urbain varient chez les adolescents en fonction de l’âge, à l’analyse des résultats. ","2005"
"Proposition de modélisation spatiale et de formalisation des transports à la demande (TAD)","Elodie Castex","Le transport à la demande (TAD) est un mode de transport public terrestre "" qui combine les avantages des transports collectifs et des véhicules individuels "" (Banos & Josselin, 1999). Depuis la fin des années 1990, le nombre de TAD ne cesse de croître. Ce développement s'accompagne d'une diversification des formes de fonctionnement et d'organisation, sur des territoires variés, de l'urbain dense au rural isolé, à l'échelle communale comme départementale. Il devient dès lors difficile de dégager une typologie représentative de ces services. Afin de réaliser une classification fiable des différents systèmes de TAD, nous proposons dans cet article d'appréhender un aspect peu étudié des TAD : leur dimension spatiale. Dans ce but, nous proposons une méthode pour décrire les formes de desserte spatiale en fonction de l'organisation territoriale, des origines et destinations des déplacements et des contraintes du service. ","2005"
"La construction de votes théoriques. Une application du modèle de Johnston aux résultats du premier tour des élections présidentielles 2002","Céline Colange","Dans un contexte souvent affirmé de "" nationalisation "" des comportements électoraux, les cartes de la géographie des votes à l'issue du premier tour de l'élection présidentielle du printemps 2002, traduisent une nette réorganisation de la répartition des suffrages. À un désalignement sur les clivages régionaux ou sociologiques classiques succède un réalignement partisan lié à l'opposition rural-urbain. Cet article insiste sur la forte structuration socio-spatiale des votes, notamment des votes en faveur des nouveaux partis, grâce au modèle de Johnston conciliant données écologiques et qualitatives. De même, grâce à une méthodologie nouvelle permettant de reconstituer les votes selon la distance aux aires urbaines, cette recherche montre l'impact du gradient urbain comme élément explicatif du comportement électoral, facteur qui demeure prépondérant une fois neutralisés les effets de la structure sociale. Cette analyse propose également quelques pistes de réflexion pour comprendre la territorialisation du vote d'extrême droite, qui s'est amplifié en milieu périurbain. Le périurbain apparaît désormais comme une nouvelle composante spatiale qui doit être prise en considération. ","2005"
"Les indicateurs locaux d’association spatiale (LISA) comme méthode de régionalisation. Une application en Inde","Sébastien Oliveau","En Inde, les données de recensement sont de suffisamment bonne qualité pour que l’on puisse se permettre une approche géographique fine des phénomènes socio-économiques, au niveau communal. Cependant, l’ampleur de la variabilité des données à cette échelle, ainsi que le nombre important d’unités à prendre en compte, entraînent des difficultés pour présenter des résultats synthétiques qui mettraient en évidence les grandes structures de l’espace étudié. Notre objectif est de présenter une solution qui, pour reprendre l’expression de Gould, « laisse les données parler d’elles¬mêmes ». Il s’agit de dévoiler les tendances régionales tout en conservant le détail des données communales. Pour cela, nous avons recours à des indices locaux d’autocorrélation spatiale qui permettent de mesurer les similarités (et les dissimilarités) entre voisins. Les indicateurs locaux d’association spatiale (LISA), développés par Luc Anselin (1995) permettent en effet de mesurer le degré de ressemblance d’une unité spatiale avec ses voisines. On peut ainsi révéler les tendances régionales tout en conservant les valeurs locales, c'est-à-dire préserver l’information relative à l’hétérogénéité interne de ces zones. Notre exposé présentera d’abord les LISA dans leur dimension statistique, étape nécessaire pour comprendre le fonctionnement de ces indicateurs et les limites inhérentes à leur construction. Nous proposerons ensuite une application où nous nous servons de ces indicateurs pour proposer un découpage spatial original du Tamil Nadu. Cet état, situé au sud-est de l’Inde, compte aujourd’hui plus de 62 millions d’habitants répartis sur plus de 16 000 communes, ce qui constitue un cadre remarquable pour tester l’efficacité de cette méthode. ","2005"
"L'incertitude dans un processus de spatialisation de données climatiques","Rémi Lhotellier","Dans un processus de spatialisation de données climatiques à partir de mesures relevées ponctuellement, il est nécessaire de prendre en compte tous les niveaux d'imprécision et d'incertitude inhérents à chacune des étapes de la modélisation, de la mesure en elle-même jusqu'à la validité du champ obtenu. Le contexte de travail, à savoir le type de données utilisées, l'échelle d'étude ou encore le relief du terrain, doit permettre de mettre en évidence les incertitudes cumulées au sein de ce processus, mais également de pouvoir les quantifier et les cartographier. Toute carte thématique doit ainsi s'accompagner d'une carte de qualité d'estimation. Le cas présenté concerne la spatialisation de la température de l'air sur quatre départements français essentiellement alpins.","2007"
"Le graphe hydrologique urbain : structuration de données pour déterminer le cheminement de l’eau dans la ville","Aleksandra Barczak","Le ruissellement pluvial se situe parmi les risques urbains à forte composante anthropique. Cette communication se propose d'apporter un élément d'évaluation de l'aléa ruissellement à travers une analyse d'un processus hydrologique élémentaire : le cheminement de l'eau depuis les points où elle tombe sur la surface du bassin versant jusqu'à son exutoire. Pour retracer le parcours de l'eau à travers la ville une procédure de construction d'un graphe hydrologique urbain sera proposée. Grâce à l'analyse des réseaux il nous sera possible de décrire le cheminement de l'eau en trois dimensions, en tenant compte de la formation du ruissellement sur les surfaces urbaines ou naturelles, du ruissellement concentré sur les versants et sur les routes et enfin de son parcours souterrain avant de gagner le milieu récepteur. L'information spatiale obtenue ainsi sera par la suite exploitée pour étudier différents paramètres hydrologiques, pour analyser la morphologie des réseaux et enfin elle servira de base pour la mise en place d'un modèle hydrologique.","2007"
"Probabilité d’apparition d’un phénomène parasitaire et choix de modèles de régression logistique","Florian Tolle, François Pierre Tourneux","Les processus épidémiologiques sont de plus en plus fréquemment abordés à l’aide des outils de la statistique spatiale et de la modélisation. Ces travaux ont généralement pour but de mettre en évidence des foyers de contamination et d’identifier des variables pouvant expliquer leur présence. Le caractère binaire des données sanitaires nécessite la mise en œuvre de méthodes spécifiques comme la régression logistique binaire, qui permet d’attribuer à chaque échantillon une probabilité de présence de l’agent pathogène d’intérêt. La classification postérieure de chaque échantillon nécessite le choix d’un seuil de probabilité pour définir le caractère à risque ou sans risque des observations. La méthode ROC permet de définir ce seuil et de comprendre précisément les conséquences de ce choix. À partir d’une base de données épidémiologique ponctuelle, plusieurs modèles ont été générés et testés. Des indices paysagers ont été dérivés dans l’environnement des points à trois échelles d’analyse. Les probabilités attribuées à chaque échantillon par les modèles ont été représentées spatialement ce qui donne un outil d’interprétation de la répartition attendue des échantillons contaminés. Les variables identifiées à ces trois niveaux d’échelle ont conduit à ébaucher des hypothèses quant aux facteurs paysagers qui entrent en jeu dans les processus épidémiologiques. L’apparition de foyers de risque potentiel constitue un premier résultat.","2007"
"Identification des effets dominos suite à un séisme. Application à l’agglomération de Mulhouse","Élise Beck, Christiane Weber, Michel Granet","Les risques en milieu urbain constituent une préoccupation grandissante, qui mérite de dépasser le stade de l'étude mono-sectorielle, ne prenant en compte qu'un seul risque à la fois. En effet, au vu des effets dominos observés ces dernières années, il est nécessaire d'étudier les risques selon une vision globale et d'identifier les éventuels effets dominos susceptibles de se produire. Dans le cadre de cette recherche, notre objectif a consisté à identifier les accidents industriels susceptibles de se produire suite à un tremblement de terre majeur. Fondée sur la détermination de la vulnérabilité physique aux séismes et sur la caractérisation de la fonction des bâtiments, cette méthode a été appliquée à l'agglomération de Mulhouse, exposée à sept aléas de nature différente. Les résultats obtenus indiquent que quatre accidents pourraient survenir suite à un séisme ; le scénario majorant correspond à une diffusion de substances toxiques dans un rayon de 130 m autour d'un des bâtiments d'un site industriel localisé dans l'ouest de Mulhouse. Ainsi, les effets n'atteindraient pas le secteur résidentiel qui avoisine le site industriel mais dépasseraient légèrement l'emprise du site au nord.","2007"
"Offre culturelle urbaine en Europe : éléments de comparaison","Virginie Cremades","Cet article synthétise les premiers résultats d’une recherche comparée sur l’offre culturelle urbaine en Europe. Prenant en compte une définition au sens large de la culture, l’offre est étudiée à travers un panel non exhaustif d’équipements culturels pérennes (musées…) et périodiques (festivals…), mais aussi des manifestations exceptionnelles (capitale européenne de la culture…). Elle porte sur un ensemble de 244 agglomérations européennes de plus de 200 000 habitants dans les 27 pays de l’Union Européenne, de la Suisse et de la Norvège. Le but de cette recherche est de voir si, à l’heure actuelle, dans un contexte de mondialisation, nous sommes face à une offre culturelle homogène ou différenciée dans les moyennes et grandes agglomérations européennes. Elle pose également la question du rôle de la hiérarchie urbaine et du rôle des fonctions urbaines dans cette offre. Des analyses statistiques multivariées ont été réalisées sur les données collectées. Les premiers résultats montrent un lien entre l’offre culturelle (quantitative) et la hiérarchie urbaine, mais il est nécessaire de le nuancer au niveau de sa diversité (qualitative).","2007"
"Modes de représentation des trajectoires quotidiennes des habitants - Exploration de données spatio-temporelles","Elodie Cochey, Kamila Tabaka","Les recherches récentes sur les mobilités quotidiennes ont démontré que les stratégies individuelles de mobilité sont centrées autour des programmes d’activités. En France, les Enquêtes Ménages Déplacements (EMD) sont l’une des principales sources d’information concernant les comportements de mobilité. Bien que ces enquêtes n’aient pas été conçues pour analyser les programmes d’activités, elles fournissent une source de données spatio-temporelles importante mais qui nécessite d’être aménagée. Cette étude se base sur l’Enquête Ménages Déplacements réalisée dans la région grenobloise en 2002. Nous proposons d’explorer la mobilité quotidienne des habitants de Grenoble en sélectionnant quelques exemples individuels afin de montrer comment l’espace et le temps sont utilisés dans l’organisation des activités au cours de la journée. Pour cela, trois approches vont être abordées : l’approche spatiale, l’approche temporelle et l’approche spatio-temporelle. Nous utilisons un outil de visualisation appelé Traj’Net, à la suite d’une étape d’analyse exploratoire multidimensionnelle qui a permis de distinguer différents profils de comportements de la mobilité quotidienne. Les trois types de représentation proposés sont complémentaires et aident à la comparaison des usages de l’espace et du temps par les individus. En outre ils soulèvent de nouvelles questions pour les études futures des trajectoires spatio-temporelles.","2007"
"Étude des contrastes de couleur pour améliorer la lisibilité des cartes  - application aux cartes de risque","Elisabeth Chesneau","Les cartes sont conçues et utilisées dans de nombreux domaines (géographie, histoire, économie, écologie, etc.). Certains des thèmes abordés sont particulièrement difficiles à cartographier, notamment parce que les données sont nombreuses et en superposition, comme dans les cartes représentant des risques. Ceci conduit souvent à des cartes peu lisibles et donc à une utilisation malaisée. Nous proposons de rechercher les paramètres qui entrent en jeu dans la lisibilité cartographique, en particulier le rôle de la couleur. Pour cela, nous choisissons une approche interdisciplinaire (cartographie, psychologie, peinture) qui nous amène à définir deux types de données de référence : une palette de couleurs et une théorie sur leurs contrastes, celle du peintre suisse Itten. Etant donné cette base de connaissances, un modèle d'amélioration automatique des contrastes de couleur dans les cartes est créé : au cours de cycles itératifs, les plus mauvais contrastes colorés de la carte sont améliorés. Un prototype ARiCo, développé pour les cartes de risque, sert de validation à notre modèle.","2007"
"Une nouvelle approche de la proximité pour les études de localisation optimale","Marie-Noëlle Comin, Joël Boulier","La proximité est un concept relatif et très variable d'un milieu géographique à un autre. En règle générale, la définition de la proximité retenue dans les études de localisation optimale est celle du site d'offre le plus proche. Ainsi, les modèles de localisation-affectation, tels que celui de la p-médiane, allouent, en règle générale, la population concernée au site d'offre le plus proche. Dans cet article, nous proposons une approche relative du concept de "" proximité "" dans le domaine de la localisation optimale, ce qui revient à la définir en fonction du contexte spatial propre de chaque point de demande. Pour ce faire, il s'agit de modifier la règle d'allocation de la demande aux sites d'offre en introduisant une notion de seuil naturel propre à chaque point de demande. Ce seuil naturel représentant un saut distinct dans l'ordre des distances à parcourir d'un point de demande vers un site d'offre. Toutefois, cette approche de la proximité demeure une piste de recherche puisque qu'elle n'a pas encore fait l'objet d'une validation rigoureuse requérant une réelle confrontation avec la réalité, notamment par le biais d'une étude minutieuse du comportement spatial des utilisateurs.","2007"
"La ville comme potentiel d’interactions sociales","Cyrille Genre-Grandpierre, David Perrussel-Morin","Dans cet article la ville est définie comme un potentiel d'interactions, comme une capacité à entrer en contact avec l'autre. Ce niveau de potentiel dépend certes de la densité de population (ce qui explique que densité rime souvent avec urbanité) mais aussi des capacités de déplacement. C'est pourquoi nous proposons une exploration fonctionnelle et non morphologique des espaces urbains et périurbains à travers le calcul du potentiel d'interactions sociales (PIS). Être en ville revient alors à disposer en un lieu d'un certain niveau de PIS, ce qui peut déboucher sur une tentative de délimitation fonctionnelle de l'urbain. Après avoir défini le PIS comme le nombre d'individus avec qui il est possible d'enter en contact en 20 minutes au départ d'un point avec un mode de transport donné, nous étudions les variations spatiales et historiques du PIS. Les variations du PIS sont ensuite abordées d'un point de vue économique, les capacités de déplacement étant alors limitées par le budget des individus. Enfin, nous cherchons à séparer dans les valeurs observées des PIS, la contribution respective de la distribution de la population et du réseau routier, ce qui nous conduit à la conclusion que la ville est avant tout faite de vitesse plus que de configurations spatiales.","2007"
"Les cartes postales paysagères : un outil d’analyse territoriale","Jean-Baptiste Litot, Arnaud Piombini","Quintessence de l'imaginaire touristique, la carte postale paysagère est un support encore peu utilisé en sciences humaines et sociales, voire totalement inusité en géographie. Pourtant, véhicule privilégié de l'image d'un lieu dans un autre lieu, cette dernière est à même d'éclairer nos connaissances sur la structuration du territoire touristique, sa promotion ou encore les mécanismes intervenant dans la diffusion spatiale de l'image des sites. Ainsi, nous montrons les possibilités offertes par ce support peu commun tout en identifiant les facteurs de médiatisation paysagère. Pour cela, nous proposons une méthode statistique permettant de mesurer et pondérer le poids des différents facteurs testés. Les résultats obtenus montrent le rôle essentiel de facteurs à priori évidents comme la distance entre les sites touristiques et les points de vente mais d'autres facteurs moins prévisibles ont également une influence notable, c'est le cas du paysage.","2007"
"Mise en évidence de « variables dominantes » dans l’organisation du paysage : approche multi-échelle","Pierre-Olivier Mazagol","La gestion d’un territoire comme les Hautes Chaumes du Forez, présentant une certaine singularité, passe par une bonne compréhension des facteurs et processus qui participent à son organisation. Nous proposons ici une méthodologie, centrée sur le processus Pegase, mettant en évidence les variables physiques et anthropiques jouant un rôle primordial. En utilisant la notion d’entropie spatiale, nous montrons l’importance des effets d’échelles, leur prise en compte permettant la sélection de ces variables que nous appelons dominantes.","2007"
"Délimitation d’ensembles morphologiques par une approche multi-échelle. Application à la délimitation morphologique des agglomérations","Cécile Tannier, Gilles Vuidel, Pierre Frankhauser","Cet article s’intéresse à l’identification de l’enveloppe de tissus bâtis, que nous définissons comme la limite d’un ensemble présentant une structure spatiale cohérente à travers les échelles. Nous abordons cette question d’un point de vue purement morphologique, dans le cadre d’une approche multi-échelle. Après avoir, dans un premier temps, posé le contexte de la recherche, nous présentons les principes méthodologiques à la base de l’identification de l’enveloppe de tissus bâtis. La première étape de la méthodologie, à savoir la dilatation pas à pas du tissu bâti étudié, est décrite brièvement. L’accent est mis sur la deuxième étape, qui est celle de l’identification d’un seuil dans la courbe issue des dilatations. Le troisième chapitre de l’article est l’occasion de présenter quelques exemples d’application de la méthodologie à des cas théoriques, tandis que le quatrième et dernier chapitre s’intéresse à l’application pour la délimitation morphologique des agglomérations.","2007"
"Proposition pour une approche renouvelée de l’évaluation territoriale","Laure Casanova","L'introduction des principes de développement durable au sein de l'aménagement du territoire a entraîné la multiplication des démarches d'évaluation et de prospective des territoires. Les fondements théoriques et méthodologiques de ces approches n'étant pas consensuels et stabilisés, les procédés d'analyses sont la plupart du temps difficilement reproductibles et les résultats peu opérationnels. Cette position de recherche propose un exemple d'approche renouvelée de l'évaluation territoriale en mobilisant des outils de l'analyse spatiale. Un indicateur prospectif de l'état des territoires est élaboré puis testé sur l'espace de Provence-Alpes-Côte d'Azur.","2007"
"Mesures de l’ancrage des groupes d’entreprises. Une application aux groupes coopératifs agricoles français","Maryline Filippi, Olivier Frey, Pierre Triboulet","Les processus de localisation-délocalisation des activités témoignent de l'influence de l'espace dans les stratégies des entreprises. Le développement sous forme de groupes d'entreprises et la multiplication des opérations de fusion-acquisition modifient l'organisation spatiale des firmes. Ce papier vise à analyser les modes d'inscription spatiale des groupes d'entreprises. Son cadre conceptuel est celui de l'analyse de la proximité et des théories de la firme. L'étude porte sur les groupes coopératifs agricoles dont l'ancrage territorial est en question du fait du développement important de la filialisation. Les groupes sont identifiés à partir des bases de données nationales (LIFI et EAE 2003). Deux indicateurs sont proposés pour mesurer l'inscription spatiale des groupes en lien avec les activités développées et les différentes unités d'analyse (établissement, entreprise, groupe). Les résultats soulignent un ancrage fort autour des coopératives têtes de groupe. Cet ancrage est cependant à relativiser du fait d'un basculement possible des logiques spatiales dans les grands groupes coopératifs qui concentrent une part croissante de l'activité.","2007"
"Calibration of households preference for open-spaces from an urban cellular automata model - Method and application to Dijon","Geoffrey Caruso, Mohamed Hilal","We propose a calibration method for a residential growth model that is grounded on a micro-economic cellular automaton. This model can be seen as a spatial and dynamic representation of an urban economic model with neighbourhood externalities. A 2D spatial equilibrium of residential locations is obtained stepwise through time instead of being a one-shot instantaneous equilibrium. Previous research work showed that the model can produce more or less dense and fragmented urban patterns depending on the preference of households for open space. We propose here a method for calibrating those preferences from simulations of the model and land rents observed within the Dijon urban area. More precisely, equilibrium properties of the model are used to derive the elasticity of open-space preferences. Then simulations are used to estimate the neighbourhood distance to which open-space are valued by households. Our first results tend to support our residential behaviour assumptions and tend to be in accordance with results obtained with more classic methods. Further methodological improvements are however needed.","2007"
"Structures hiérarchiques en géographie : des modèles linéaires aux modèles non linéaires (lois de puissance et corrections log-périodiques)","Maxime Forriez, Philippe Martin","La loi de puissance (et spécialement la loi rang-taille) est utilisée dans de nombreuses modélisations empiriques en géographie. Souvent, on peut observer une oscillation des points expérimentaux sur les graphiques bi logarithmiques. Jusqu'alors ces oscillations étaient interprétées comme des artefacts. Grâce à des développements mathématiques récents, on peut modéliser ces fluctuations par une loi fractale log-périodique comme nous allons le montrer.","2007"
"Modélisation des préférences esthétiques : vers la prise en compte des perceptions dans les projets de restauration écologique de bras morts","Marylise Cottet, Hervé Piégay, Anne Honegger","Afin de pallier la dégradation des écosystèmes, les projets de restauration écologique se multiplient depuis les années 1990. Caractériser et anticiper la perception du public sont deux enjeux majeurs afin de parvenir à une gestion durable des écosystèmes qui soit partagée par les acteurs. Tel est le but de cette recherche, appliquée à un écosystème particulier, celui des bras morts bordant le Rhône et l’un de ses affluents, l’Ain dans sa basse vallée. La modélisation des préférences esthétiques d’une population expérimentale a été réalisée à partir de données recueillies dans le cadre d’une enquête par photo-questionnaire. Elle repose sur une régression multiple réalisée sur les coordonnées des axes factoriels d’une analyse des correspondances multiples. Le modèle produit est stable et permet d’expliquer 66% de la variabilité de la réponse esthétique des personnes interrogées. Six attributs visuels ont été identifiés en vue de prédire les préférences esthétiques relatives aux plans d’eau de bras morts : 1) la dominance de vert, 2) la dominance de gris ou de marron, 3) la présence de couleurs chaudes et vives, 4) la présence de végétation aquatique aux formes mal structurées, 5) la présence de sédiments, et 6) le caractère trouble de l’eau. Certaines possibilités d’amélioration du modèle sont discutées. Une étape de validation réalisée sur un échantillon de population représentative permettrait d’utiliser ce modèle expérimental dans un cadre opérationnel.","2009"
"Utilisation des sorties du modèle numérique ARPEGE-Climat pour la simulation d'un indice bioclimatique jusqu'à la fin du XXIème siècle dans le vignoble de Champagne","Elodie Briche, Gérard Beltrando, Claude Kergomard, Hervé Quénol","Les températures journalières minimales et maximales issues des sorties du modèle numérique ARPEGE-Climat, utilisé pour la prévision du climat futur, sont comparées à une station (Reims-Courcy) du vignoble de Champagne sur une période dite de "" contrôle "" de 1950 à 2000. Les simulations futures de la température pour trois scénarios A1B, A2, B1 permettent de calculer, jusqu'en 2100, l'indice bioclimatique de Huglin. Des hausses de températures annoncées par les scénarios du modèle pourraient entraîner un changement de type de climat au sein du vignoble, perturbateur pour l'économie viticole.","2009"
"Entre dasymétrique et choroplète : typologie de l'espace adaptée à l'étude des relations entre santé et environnement","Paul Salze, Dominique Badariotti, Arnaud Banos, Hélène Charreire, Jean-Michel Oppert, Romain Casey, Chantal Simon, Basile Chaix, Christiane Weber","L'étude du rôle des déterminants environnementaux sur la santé est une thématique de recherche actuellement en plein essor en géographie et en épidémiologie. Il s'agit d'identifier les éléments de l'environnement qui permettent une alimentation variée et équilibrée et une activité physique régulière. Dans ce cadre, les possibilités offertes (services, espaces verts…) n'étant pas de même nature dans un environnement rural  ou urbain, faire la distinction entre ces types d'espace est une étape essentielle. Sachant que les sources de données classiques sont insuffisantes, notre travail a pour objectif de développer une méthode de définition de cette différenciation spatiale fondamentale, à partir d'un enrichissement mutuel de données existantes. La méthode consiste dans un premier temps à réaliser une typologie de l'espace s'affranchissant des limites administratives et fondée sur des critères d'occupation du sol. Le croisement de cette typologie avec des données plus conventionnelles résulte en une typologie de communes intégrant des aspects démographiques, fonctionnels et physiques. Les résultats obtenus permettent une caractérisation plus fine des environnements, et pourront constituer une mesure directe d'exposition ou un élément d'ajustement de modèles en accord avec la problématique santé/environnement.","2009"
"Détection de changements dans des images à très haute résolution spatiale par analyse de texture : application en milieu urbain","Antoine Lefebvre, Thomas Corpetti, Laurence Hubert Moy","L'objectif de cette étude est de développer une méthode capable d'identifier et de caractériser des changements affectant de petites surfaces à partir données de télédétection à Très Haute Résolution Spatiale (THRS) acquises à différentes dates et provenant de différentes sources. Pour faire face à ces contraintes, l'originalité de la méthode repose sur la comparaison des propriétés de texture des objets observés, afin de ne pas utiliser exclusivement ou essentiellement l'information spectrale de l'image mais de se focaliser davantage sur l'information spatiale qu'elle contient. Dans un premier temps, la méthode proposée extrait les objets à partir d'une segmentation par croissance de région puis les différentes textures contenues dans les objets segmentés sont comparées. L'approche utilisée pour caractériser les textures s'appuie sur une analyse des coefficients issus d'une décomposition en ondelettes des images. Cette méthode a été appliquée dans un milieu périurbain, celui de l'agglomé-ration rennaise. Les espaces périurbains sont très hétérogènes et soumis à des changements brusques et irréguliers dans le temps et dans l'espace. Les changements d'occupation et d'utilisation des sols qui se sont produits entre 1978 et 2003 sont détectés à partir  d'une paire d'images constituée d'une photographie aérienne noir et blanc et d'une image panchromatique de acquise par le capteur Quickbird. Les taux de classifications obtenus, qui varient de 78% à 85%, montrent l'importance que revêt la texture pour la classification des images à THRS. La méthode permet ainsi de détecter des changements de pratiques agricoles dans des parcelles sous pression urbaine.","2009"
"Evaluation du modèle climatique régional WRF appliqué à la Bourgogne viticole","Cyril Bonnefoy, Thierry Castel, Malika Madelin","Le changement climatique actuel a des répercussions sur les cultures et en particulier sur la vigne, en termes de précocité des stades phénologiques mais aussi de rendement. Les modèles de circulation générale de l'atmosphère (MCGA) ne sont pas assez précis pour une étude d'impacts sur les vignobles. Il est nécessaire d'utiliser des modèles de circulation régionale de l'atmosphère (MCRA) pour descendre à des échelles opérationnelles pour ce type d'étude. Dans cet article, nous évaluons les capacités du modèle Weather Research and Forecasting à reproduire la variabilité climatique en Bourgogne durant des périodes clés pour la vigne. Le test est fait sur l'année 2003, année atypique mais qui pourrait être plus courante dans les prochaines décennies. Notre but est d'utiliser ce modèle afin de régionaliser l'indice agroclimatique des degrés-jours en date de maturité de 2003 et ainsi d'obtenir une première image simulée du possible zonage climatique viticole en Bourgogne dans les années à venir.","2009"
"Organisation spatio-temporelle des feux de brousse. Approche comparative au Burkina Faso","Sébastien Caillault,  Aziz Ballouche, Daniel Delahaye","Les feux de brousse en Afrique sub-saharienne sont le plus souvent considérés comme des aléas néfastes pour l'environnement. Pourtant il est maintenant avéré qu'ils participent, dans ces espaces tropicaux, à la structuration de la végétation des savanes. Loin d'être aléatoires, ces feux sont même intégrés dans le rythme de la vie sociale des populations. L'objet de ce travail est alors de mettre en évidence cette "" gestion "" des espaces de feu en étudiant leurs dynamiques spatiales et temporelles. Deux sites d'études au Burkina Faso ont été retenus pour la démonstration. Les résultats montrent que non seulement ces phénomènes ne sont pas ponctuels et aléatoires mais qu'ils s'organisent aussi de manière quasi déterministe. Cette dynamique des feux est alors interprétée comme le reflet de modes de gestion  différenciés entre les zones rurales et les zones dédiées à la protection de la nature (aires protégées).","2009"
"Un risque structurel d'incendies de forêt : exemple méthodologique d'une géographie des risques basée sur la complexité des systèmes","Adrien Mangiavillano","La structuration de données statistiques selon une loi puissance est bien connue en géographie, particulièrement en géographie urbaine. Cette propriété émergente concerne des phénomènes dits ""complexes "". Elle est étonnement peu explorée en géographie des risques. Dans cette perspective, nous abordons ici la thématique des incendies de forêt. Le développement méthodologique proposé s'inscrit ainsi dans une géographie théorique et quantitative des risques. Après un état de l'art, nous faisons évoluer les méthodes de mesure d'une structure en loi puissance de données historiques. Parce que le phénomène émerge, dépend et se confronte à des variables hétérogènes, non linéaires, nombreuses et différemment agrégées selon les espaces, une conséquence est envisagée : la prise en compte d'une courbure dans un graphique bi-logarithmique (fréquences-tailles), courbure trop longtemps perçue comme un artéfact. Elle est pourtant précieuse pour le géographe qui a vocation à différencier le plus finement possible les espaces. Evoquant un cas de covariance d'échelles (par comparaison à l'invariance d'échelle  qui concerne une structure puissance rectiligne), la courbure mesurée renseigne en effet sur le bilan des rétroactions positives et négatives qui ont interagies en un lieu durant une période donnée. Aussi les nouveaux paramètres proposés sont-ils considérés comme des indicateurs géographiques qui expriment un risque "" structurel "" d'incendies de forêt.","2009"
"Modélisation de l'exposition au bruit en milieu urbain et études épidémiologiques : quelles sources sonores ?","Sophie Pujol, Hélène Houot, Marc Berthillier, Jérôme Defrance, Joseph Lardies, Séverine Bongain, Jean-Pierre Levain, Cyril Masselot, Rémy Petit, Frédéric Mauny","La plupart des recherches épidémiologiques étudiant le bruit en milieu urbain s'appuient sur des modèles n'intégrant que les sources sonores liées aux transports ou aux industries. Or, des sources additionnelles sont susceptibles d'influencer le niveau sonore. L'objectif de ce travail est d'identifier, parmi les sources sonores environnementales urbaines, celles susceptibles d'améliorer les modèles de prévisions et d'estimer leur contribution respective. Une campagne de mesures acoustiques a été réalisée en façade de 44 logements situés à Besançon (France). Les valeurs mesurées ont été confrontées aux valeurs modélisées à partir de différentes cartes de bruit dans lesquelles les sources sonores ont été introduites progressivement. Quatre sources additionnelles ont été retenues et implémentées dans le modèle de prédiction : les voies piétonnes, les fontaines à vasques, les cours d'écoles et les arrêts de bus. La contribution temporelle (périodes nycthémérales) et spatiale (distributions géographiques des nouvelles sources et des logements équipés) de chaque source a été analysée. De nombreuses sources sonores urbaines associent puissance acoustique limitée et impact local. Certaines peuvent apporter une contribution non négligeable à la qualité de l'estimation de l'exposition sonore en milieu urbain. Leur prise en compte devrait permettre d'améliorer l'approche épidémiologique de la relation entre pollution sonore et santé.","2009"
"Simulation d'accessibilité dans la ville et expérience pédagogique : le modèle AccesSim","Matthieu Delage, Florent Le Néchet, Thomas Louail, Hélène Mathian, Sébastien Rey Coyrehourcq","Cet article présente un modèle permettant de se familiariser à la notion d'accessibilité en milieu urbain. Cette simulation interactive, AccesSim, a été réalisée sur une plateforme de simulation multi-agents, Netlogo. Après avoir discuté de l'intérêt pédagogique et scientifique d'une approche par la simulation, nous présentons le fonctionnement de ce modèle, ainsi qu'un retour d'expérience basé sur la participation au festival de Saint-Dié des Vosges (2008) et à la Fête de la Science (2008).","2009"
"Des formes parcellaires aux usages agricoles. Comparaison de l’organisation des paysages agricoles en domaine laitier et bocager (Galice, Basse-Normandie, Sud de l’Angleterre)","Maxime Marie, Daniel Delahaye","Dans les régions laitières et bocagères d'Europe de l'ouest, fortement marquées par la présence de l'agriculture, l'organisation spatiale des activités agricoles apparaît comme centrale dans la structuration des paysages ruraux. L'analyse des facteurs de localisation des usages agricoles dans l'espace constitue une étape essentielle pour la compréhension des logiques de structuration des paysages. Cette contribution s'appuie sur la comparaison de ces facteurs de localisation dans cinq zones d'étude situées en domaine laitier et bocager (trois en Normandie, une en Galice et une dans le sud de l'Angleterre). Les résultats de cette recherche montrent que l'organisation des paysages agricoles de ces différentes zones est partout régie par les mêmes grandes logiques et que les exploitations agricoles apparaissent toujours comme un "" niveau-clé "" pour l'analyse de la structuration des paysages.","2009"
"Construction d'un modèle pour l'analyse et l'exploration des propriétés structurelles d'un réseau de transport","Eric Mermet","Un réseau de transport est un système permettant de relier des lieux sur un territoire. Ces lieux sont mis en relation par des chemins dont la modalité est variable : plus court chemins, chemins de contournement, etc. Or, dans le contexte de l'analyse de la structure des réseaux, il est nécessaire d'appréhender tous les chemins possibles et leurs différentes modalités, en cartographiant des indicateurs relationnels. La problématique d'une telle approche repose à la fois sur une grande masse de données à stocker et analyser, et sur la mise en évidence et l'extraction d'informations. Dans ce cadre, cet article propose un modèle pour l'analyse et l'exploration des propriétés structurelles d'un réseau de transport. Ce modèle est basé sur quatre leviers : un espace de calcul contenant toutes les Origines-Destinations, une mesure quantifiant une propriété par une formule mathématique, une vue permettant la variation du niveau de détails par agrégation de zones et enfin une légende permettant d'apprécier les résultats en opérant des variations de couleur, du nombre de classe et du type de découpage de valeurs.","2009"
"Le relogement dans les opérations de rénovation urbaine à Saint-Étienne. Quels impacts sur l'évolution des quartiers et de la ville ?","Fanny Léostic","L'objet de cet article est d'analyser les mobilités liées aux opérations de démolition-reconstruction et de réhabilitation réalisées dans le cadre de la rénovation urbaine, dans deux quartiers stéphanois, l'un de centre ancien dégradé et paupérisé, et l'autre de grands ensembles de logements sociaux, situé en périphérie de la ville-centre. À l'aide d'un fichier statistique de suivi des relogements, renseigné par les organismes gestionnaires de logement social et par la municipalité, il s'agit d'analyser les caractéristiques des ménages relogés et leurs trajectoires résidentielles liées aux opérations de rénovation urbaine. On s'interroge ainsi sur l'impact potentiel des relogements sur l'évolution des quartiers concernés, et sur la transformation de la ville dans son ensemble.","2009"
"Approches méthodologiques du croisement entre croissance urbaine et risque inondation","Janique Valy","La région Bretagne a subi plusieurs inondations qualifiées d'historiques notamment depuis 1995. Cette succession d'événements hydroclimatiques exceptionnels a déclenché une réflexion sur le risque inondation et les raisons de l'accroissement de la vulnérabilité urbaine régionale. Les diverses crues débordantes ont montré la vulnérabilité de certains espaces urbains, remettant en cause les logiques d'aménagement du territoire, notamment à proximité des agglomérations à forte croissance. Les extensions urbaines, étudiées à l'échelle infra-communale, s'organisent à partir d'un état initial plus ou moins vulnérable. Cette présentation met l'accent sur les méthodologies mises en œuvre dans l'analyse des logiques d'implantation urbaine depuis 1950, couplée avec le contexte hydrologique. Cette approche croisée est élaborée à l'échelle d'un projet urbain et étudie son implantation par rapport au risque inondation.","2009"
"Cartographies préventives du risque lié aux "" crues rapides "" dans le nord de la France","Johnny Douvinet, Daniel Delahaye, Patrice Langlois","Le risque lié aux "" crues rapides "" printanières et estivales constitue  une préoccupation grandissante dans les régions du nord de la France (bassin parisien). Cependant, peu d'études ont été menées sur ce type de phénomènes et les analyses hydrologiques se sont essentiellement focalisées sur les inondations par débordement ou par remontée de nappes. Dans le cadre de cette recherche, nous proposons alors d'offrir aux gestionnaires du risque des cartographies préventives sur l'aléa "" crues rapides "", et ce à deux niveaux d'observation. Une première spatialisation des zones à risque à une échelle régionale a été réalisée en confrontant la localisation des bassins versants sensibles à l'aléa aux foyers de population. Cette approche exploratoire permet de voir que le risque est élevé dans certaines vallées du fait de la forte pression foncière. En croisant l'efficacité structurelle interne des bassins versants, mesurée par l'automate cellulaire RuiCells, à la distribution spatiale des zones bâties aux échelles fines, il est possible d'affiner le diagnostic régional en passant à une échelle "" intra-bassin "". Les cartes proposées sur quelques bassins versants paraissent conformes à notre connaissance du terrain et aux dires des experts locaux. Ces essais cartographiques donnent des résultats encourageants qui pourraient, à court terme, améliorer la prise en compte de ce risque encore mal connu et sous-estimé dans ces régions.","2009"
"Vers des indicateurs locaux de performance énergétique : les étiquettes énergétiques territoriales. Une première approche à partir de l'estimation des mobilités quotidiennes","Jean-Philippe Antoni, Yann Fléty, Gilles Vuidel, Marie-Hélène de Sède-Marceau","Le constat d'un changement climatique planétaire est à l'origine d'un objectif très concret de réduction des émissions de gaz à effets de serre, lui-même nécessairement corrélé à une réduction de la consommation énergétique globale. À l'échelle locale, cette perspective se traduit par des objectifs concrets en matière de maîtrise et d'amélioration de l'efficacité énergétique, et peut passer par la définition d'indicateurs qui guideront l'action des décideurs. Dans ce contexte, la recherche présentée ici vise à définir un indicateur énergétique utile aux aménageurs : il s'agit de mesurer comment "" se situent énergétiquement "" les différents espaces que regroupent une même aire urbaine du point de vue des mobilités quotidiennes de ses habitants, dont le comportement est appréhendé de manière normative. Nous proposons ainsi de calculer des "" étiquettes énergétiques zonales "". Nous avançons alors des éléments de méthodologie pour une évaluation globale de l'impact sur l'environnement local des mobilités quotidiennes, ne tenant compte de la composante habitat, que par l'intégration des densités de ménages. Cette méthode est appliquée à la Communauté d'Agglomération du Grand Besançon (CAGB). En conclusion, certains leviers d'action sont identifiés, mais les "" étiquettes énergétiques territoriales "" restent un outil à manier avec précaution. Il autorise toutefois une première qualification énergétique des territoires.","2009"
"Transformations socio-spatiales de Besançon : analyse exploratoire multi-dates","Kawtar Najib, Anne Griffond-Boitier","Cet article propose une analyse des configurations socio-spatiales des différents quartiers de Besançon sur la période intercensitaire de 1990-1999. Cette étude s’appuie sur une analyse statistique exploratoire multi-dates qui tente de rendre lisibles les structures pérennes ou non du système urbain. Pour cela, les données recueillies dans les recensements de 1990 et 1999 permettent de disposer d’une vingtaine d’indicateurs caractérisant les IRIS de Besançon. Par le biais de l’analyse factorielle, nous pouvons observer les trajectoires des IRIS entre ces deux dates selon les indicateurs retenus. Ce travail fait ressortir l’organisation socio-spatiale de Besançon et montre une distinction entre des quartiers privilégiés qui s’enferment dans leur confort, des quartiers plus précaires isolés et un axe central en recomposition. D’une manière générale, l’étude des trajectoires contribue à montrer les diverses tendances d’évolution des quartiers, et notamment des phénomènes de gentrification, de paupérisation ou d’amélioration de la mixité sociale.  ","2009"
"Modélisation de répartitions d’occurrences-spatio-temporelles et épidémiologie végétale","Florencia Chimard, Jean Vaillant, Jean-Heinrich Daugrois","Les processus ponctuels temporel, spatial et spatio-temporel sont utilisés depuis un certain nombre d'années dans des domaines telles que la biologie, l'épidémiologie, la sismologie, la neurologie afin de modéliser des séries d'occurrences d'événements. Notre étude concerne l'apport des modèles de mélange de processus ponctuels dans de telles modélisations. Elle fait également apparaître l'utilité de l'approche bayésienne pour apprécier la variabilité associée à certains facteurs environnementaux. Le lien avec les lois a priori stick-breaking telles que le processus de Dirichlet est présenté. Une illustration est fournie avec l'étude de la propagation de la maladie de la feuille jaune de la canne à sucre. La répartition spatio-temporelle des cannes à sucre infectées par le Sugar Cane Yellow Leaf Virus (SCYLV) est étudiée dans une parcelle, saine lors de la plantation, située en Guadeloupe. Notre objectif principal est de caractériser puis de modéliser la dissémination du SCYLV au sein de cette parcelle.","2009"
"Visualisations animées pour l’exploration des trajectoires individuelles de mobilité : guider l’intuition dans l’analyse de données complexes","Laure Charleux, Sonia Chardonnel","Dans une démarche d’étude des mobilités quotidiennes à partir d’une enquête massive, le besoin d’un outil de visualisation dynamique des trajectoires individuelles est apparu. Cet article expose comment nous avons construit un outil générant des animations SVG à partir des chaînes de déplacements des individus. Nous proposons ensuite une exploitation de cet outil pour guider la création de descripteurs des trajectoires individuelles de mobilité et montrons que la démarche est pertinente d’un point de vue géographique. Nous concluons sur les perspectives de travail exploratoire ouvertes par cet outil, en vue de la compréhension des caractéristiques fines des pratiques socio-territoriales liées aux mobilités individuelles.","2009"
"Quantifier l’éloignement au modèle de Bussière : monocentrisme contre « acentrisme »","Florent Le Néchet","Cet article propose un indicateur permettant de quantifier l’éloignement d’une région urbaine au modèle monocentrique de Bussière. Dans le cas d’une configuration non-monocentrique extrême (distribution de population uniforme par exemple), on parlera d’« acentrisme ». L’indicateur d’acentrisme  proposé est confronté à plusieurs indicateurs classiques de structure urbaine (indice de Hoover, indice de Moran, pente de la loi rang-taille), tant pour des configurations théoriques qu’empiriques – vingt-cinq villes européennes sont étudiées. On conclut à la nécessité d’une approche multi-dimensionnelle de la structure urbaine, cadre dans lequel quantifier l’éloignement au modèle monocentrique peut être utile.","2009"
"Quantification des hauteurs de neige et des températures de l’air à la surface d’un glacier : du terrain à l’interpolation, confrontation de méthodes","Eric Bernard, Florian Tolle, Madeleine Griselin, Dominique Laffly, Christelle Marlin","La quantification des hauteurs de neige et des températures à la surface d’un glacier est le plus souvent effectuée à partir de données acquises ponctuellement, en un nombre de points variable selon les programmes. Les valeurs obtenues permettent une généralisation spatiale de l’information. Cette étape permet d’une part d’obtenir des valeurs globales qui seront mises en relation avec les calculs de débits des émissaires du glacier, et d’autre part de comprendre les variations spatiales des phénomènes étudiés. Dans le cadre d’un programme d’hydro-glaciologie développé en Arctique, plusieurs méthodes de spatialisation ont été confrontées afin d’évaluer leur qualité et leur reproductibilité. Le présent article fait état de la confrontation de six méthodes de discrétisation spatiale et d’interpolation à partir de données issues de carottages de neige et de quatre journées d’observation des températures de l’air à la surface du glacier Loven Est.","2009"
"L’ONU, la géographie et la carte","Laurent Beauguitte","L’Organisation des Nations Unies existe comme objet d’études scientifiques depuis sa création. Pourtant, les géographes, tant francophones qu’anglophones, n’ont pas su comment l’étudier. Une réflexion de nature historique et épistémologique s’impose pour tenter d’expliquer cet impensé géographique. Une hypothèse explorée ici concerne le caractère difficilement cartographiable de l’objet ONU.","2009"
